2129,2333,2156,1622,2411,1644,2179,905,1148,2360,1677,1699,1715,1732,2378,2208,1758,2226,2238,2261,1802,1228,1248,1819,1277,1297,1315,995,1332,1016,2280,2394,1845,1354,1859,1880,1897,1389,1913,1937,1418,1956,2297,1445,1976,1464,1056,1996,1484,1505,1521,2015,1533,2036,1552,2054,2070,2084,2315,1076,2107,1570,1587,1099
192,116,134,-1,6,0,0,0
193,129,188,-1,6,0,0,0
194,49,102,-1,6,0,0,0
195,64,144,-1,6,0,0,0
196,160,166,-1,6,0,0,0
197,76,179,-1,6,0,0,0
198,135,163,-1,6,0,0,0
199,12,147,-1,6,0,0,0
200,18,56,-1,6,0,0,0
201,108,122,-1,6,0,0,0
202,91,96,-1,6,0,0,0
203,65,105,-1,6,0,0,0
204,154,178,-1,6,0,0,0
205,16,26,-1,6,0,0,0
206,29,35,-1,6,0,0,0
207,43,48,-1,6,0,0,0
208,67,74,-1,6,0,0,0
209,132,167,-1,6,0,0,0
210,68,103,-1,6,0,0,0
211,72,118,-1,6,0,0,0
212,70,124,-1,6,0,0,0
213,27,44,-1,6,0,0,0
214,66,97,-1,6,0,0,0
215,55,96,-1,4,0,0,0
216,119,126,-1,6,0,0,0
217,3,-1,-1,4,0,0,0
218,217,194,-1,6,0,0,0
219,40,52,-1,6,0,0,0
220,108,123,-1,6,0,0,0
221,75,85,-1,6,0,0,0
222,88,95,-1,6,0,0,0
223,83,86,-1,6,0,0,0
224,54,63,-1,6,0,0,0
225,8,45,-1,6,0,0,0
226,76,94,-1,4,0,0,0
227,112,120,-1,6,0,0,0
228,162,185,-1,6,0,0,0
229,183,190,-1,6,0,0,0
230,18,40,-1,4,0,0,0
231,37,42,-1,6,0,0,0
232,81,169,-1,6,0,0,0
233,32,52,-1,6,0,0,0
234,147,150,-1,6,0,0,0
235,104,123,-1,6,0,0,0
236,4,-1,-1,4,0,0,0
237,236,195,-1,6,0,0,0
238,53,56,-1,6,0,0,0
239,110,164,-1,6,0,0,0
240,98,121,-1,6,0,0,0
241,101,106,-1,6,0,0,0
242,93,117,-1,6,0,0,0
243,71,79,-1,4,0,0,0
244,151,-1,-1,4,0,0,0
245,244,193,-1,6,0,0,0
246,51,58,-1,4,0,0,0
247,90,107,-1,6,0,0,0
248,132,-1,-1,4,0,0,0
249,248,216,-1,4,0,0,0
250,165,184,-1,6,0,0,0
251,59,187,-1,6,0,0,0
252,17,94,-1,4,0,0,0
253,60,128,-1,4,0,0,0
254,2,6,-1,6,0,0,0
255,5,180,-1,4,0,0,0
256,40,103,-1,6,0,0,0
257,140,154,-1,4,0,0,0
258,141,155,-1,4,0,0,0
259,53,161,-1,4,0,0,0
260,7,37,-1,6,0,0,0
261,136,173,-1,6,0,0,0
262,34,145,-1,4,0,0,0
263,144,176,-1,6,0,0,0
264,137,158,-1,6,0,0,0
265,22,168,-1,6,0,0,0
266,9,31,-1,4,0,0,0
267,1,13,-1,6,0,0,0
268,26,77,-1,6,0,0,0
269,152,191,-1,6,0,0,0
270,161,-1,-1,4,0,0,0
271,270,204,-1,4,0,0,0
272,181,185,-1,6,0,0,0
273,108,141,-1,6,0,0,0
274,21,149,-1,6,0,0,0
275,33,101,-1,6,0,0,0
276,42,50,-1,6,0,0,0
277,79,170,-1,4,0,0,0
278,41,172,-1,6,0,0,0
279,7,182,-1,4,0,0,0
280,47,63,-1,6,0,0,0
281,17,-1,-1,4,0,0,0
282,281,226,-1,6,0,0,0
283,25,153,-1,6,0,0,0
284,37,51,-1,6,0,0,0
285,98,135,-1,6,0,0,0
286,162,166,-1,6,0,0,0
287,175,-1,-1,4,0,0,0
288,287,253,-1,6,0,0,0
289,181,-1,-1,4,0,0,0
290,289,250,-1,6,0,0,0
291,69,-1,-1,4,0,0,0
292,291,251,-1,4,0,0,0
293,81,-1,-1,4,0,0,0
294,293,254,-1,4,0,0,0
295,78,100,-1,6,0,0,0
296,140,-1,-1,4,0,0,0
297,296,228,-1,6,0,0,0
298,14,87,-1,6,0,0,0
299,154,-1,-1,4,0,0,0
300,299,213,-1,6,0,0,0
301,12,57,-1,6,0,0,0
302,29,52,-1,6,0,0,0
303,9,119,-1,4,0,0,0
304,41,60,-1,6,0,0,0
305,18,43,-1,6,0,0,0
306,0,30,-1,4,0,0,0
307,71,99,-1,6,0,0,0
308,82,114,-1,6,0,0,0
309,130,-1,-1,4,0,0,0
310,309,260,-1,6,0,0,0
311,24,137,-1,6,0,0,0
312,94,176,-1,4,0,0,0
313,171,189,-1,4,0,0,0
314,68,143,-1,6,0,0,0
315,181,184,-1,6,0,0,0
316,23,-1,-1,4,0,0,0
317,316,314,-1,6,0,0,0
318,75,123,-1,6,0,0,0
319,145,-1,-1,4,0,0,0
320,319,252,-1,6,0,0,0
321,142,-1,-1,4,0,0,0
322,321,264,-1,6,0,0,0
323,151,-1,-1,4,0,0,0
324,323,277,-1,6,0,0,0
325,37,-1,-1,4,0,0,0
326,325,276,-1,6,0,0,0
327,32,57,-1,6,0,0,0
328,15,30,-1,6,0,0,0
329,11,25,-1,6,0,0,0
330,130,164,-1,6,0,0,0
331,34,-1,-1,4,0,0,0
332,331,301,-1,6,0,0,0
333,263,-1,-1,4,0,0,0
334,333,290,-1,6,0,0,0
335,139,149,-1,6,0,0,0
336,156,164,-1,6,0,0,0
337,152,159,-1,6,0,0,0
338,143,179,-1,4,0,0,0
339,146,171,-1,6,0,0,0
340,157,170,-1,6,0,0,0
341,99,-1,-1,4,0,0,0
342,341,227,-1,6,0,0,0
343,148,-1,-1,4,0,0,0
344,343,264,-1,6,0,0,0
345,182,191,-1,6,0,0,0
346,18,-1,-1,4,0,0,0
347,346,340,-1,6,0,0,0
348,57,83,-1,6,0,0,0
349,134,-1,-1,4,0,0,0
350,349,234,-1,6,0,0,0
351,56,142,-1,4,0,0,0
352,153,-1,-1,4,0,0,0
353,352,336,-1,6,0,0,0
354,30,188,-1,6,0,0,0
355,169,186,-1,4,0,0,0
356,4,46,-1,6,0,0,0
357,89,156,-1,6,0,0,0
358,42,51,-1,6,0,0,0
359,140,158,-1,6,0,0,0
360,155,172,-1,6,0,0,0
361,38,-1,-1,4,0,0,0
362,361,295,-1,4,0,0,0
363,32,35,-1,4,0,0,0
364,76,119,-1,4,0,0,0
365,14,36,-1,6,0,0,0
366,120,-1,-1,4,0,0,0
367,366,339,-1,6,0,0,0
368,126,166,-1,6,0,0,0
369,202,212,-1,6,0,0,0
370,102,105,-1,6,0,0,0
371,261,345,-1,6,0,0,0
372,81,131,-1,4,0,0,0
373,168,187,-1,6,0,0,0
374,49,-1,-1,4,0,0,0
375,374,210,-1,6,0,0,0
376,87,177,-1,6,0,0,0
377,9,53,-1,4,0,0,0
378,276,-1,-1,4,0,0,0
379,378,332,-1,6,0,0,0
380,10,-1,-1,4,0,0,0
381,380,356,-1,6,0,0,0
382,340,206,-1,6,0,0,0
383,58,151,-1,4,0,0,0
384,80,87,-1,6,0,0,0
385,145,183,-1,6,0,0,0
386,71,82,-1,6,0,0,0
387,10,166,-1,4,0,0,0
388,129,176,-1,6,0,0,0
389,33,-1,-1,4,0,0,0
390,389,351,-1,4,0,0,0
391,82,115,-1,6,0,0,0
392,247,-1,-1,4,0,0,0
393,392,342,-1,6,0,0,0
394,12,71,-1,4,0,0,0
395,2,87,-1,6,0,0,0
396,19,31,-1,6,0,0,0
397,21,28,-1,6,0,0,0
398,10,180,-1,6,0,0,0
399,102,-1,-1,4,0,0,0
400,399,338,-1,4,0,0,0
401,1,-1,-1,4,0,0,0
402,401,233,-1,4,0,0,0
403,87,-1,-1,4,0,0,0
404,403,203,-1,6,0,0,0
405,9,-1,-1,4,0,0,0
406,405,328,-1,6,0,0,0
407,131,145,-1,6,0,0,0
408,114,-1,-1,4,0,0,0
409,408,197,-1,6,0,0,0
410,119,-1,-1,4,0,0,0
411,410,365,-1,6,0,0,0
412,132,182,-1,6,0,0,0
413,3,81,-1,6,0,0,0
414,106,-1,-1,4,0,0,0
415,414,240,-1,6,0,0,0
416,15,44,-1,6,0,0,0
417,54,-1,-1,4,0,0,0
418,417,225,-1,6,0,0,0
419,96,170,-1,6,0,0,0
420,98,-1,-1,4,0,0,0
421,420,247,-1,6,0,0,0
422,124,-1,-1,4,0,0,0
423,422,204,-1,6,0,0,0
424,339,305,-1,6,0,0,0
425,150,188,-1,6,0,0,0
426,73,-1,-1,4,0,0,0
427,426,243,-1,4,0,0,0
428,38,177,-1,6,0,0,0
429,226,202,-1,6,0,0,0
430,19,-1,-1,4,0,0,0
431,430,304,-1,6,0,0,0
432,122,-1,-1,4,0,0,0
433,432,230,-1,6,0,0,0
434,105,-1,-1,4,0,0,0
435,434,-1,-1,4,0,0,0
436,435,290,-1,4,0,0,0
437,173,-1,-1,4,0,0,0
438,437,360,-1,6,0,0,0
439,391,262,-1,6,0,0,0
440,96,-1,-1,4,0,0,0
441,440,194,-1,6,0,0,0
442,71,-1,-1,4,0,0,0
443,442,-1,-1,4,0,0,0
444,443,404,-1,6,0,0,0
445,160,186,-1,6,0,0,0
446,97,131,-1,4,0,0,0
447,0,53,-1,6,0,0,0
448,50,-1,-1,4,0,0,0
449,448,-1,-1,4,0,0,0
450,449,332,-1,6,0,0,0
451,14,142,-1,6,0,0,0
452,76,94,-1,6,0,0,0
453,109,-1,-1,4,0,0,0
454,453,201,-1,6,0,0,0
455,125,-1,-1,4,0,0,0
456,455,428,-1,6,0,0,0
457,16,134,-1,6,0,0,0
458,79,167,-1,4,0,0,0
459,26,-1,-1,4,0,0,0
460,459,201,-1,4,0,0,0
461,0,129,-1,6,0,0,0
462,179,-1,-1,4,0,0,0
463,462,206,-1,6,0,0,0
464,42,115,-1,6,0,0,0
465,70,91,-1,6,0,0,0
466,120,171,-1,6,0,0,0
467,36,-1,-1,4,0,0,0
468,467,280,-1,6,0,0,0
469,122,-1,-1,4,0,0,0
470,469,-1,-1,4,0,0,0
471,470,290,-1,6,0,0,0
472,328,216,-1,4,0,0,0
473,23,50,-1,4,0,0,0
474,205,260,-1,6,0,0,0
475,166,-1,-1,4,0,0,0
476,475,-1,-1,4,0,0,0
477,476,282,-1,4,0,0,0
478,131,-1,-1,4,0,0,0
479,478,234,-1,6,0,0,0
480,58,-1,-1,4,0,0,0
481,480,337,-1,4,0,0,0
482,46,-1,-1,4,0,0,0
483,482,383,-1,4,0,0,0
484,40,-1,-1,4,0,0,0
485,484,203,-1,6,0,0,0
486,210,-1,-1,4,0,0,0
487,486,218,-1,6,0,0,0
488,1,6,-1,6,0,0,0
489,46,90,-1,6,0,0,0
490,80,-1,-1,4,0,0,0
491,490,240,-1,6,0,0,0
492,126,-1,-1,4,0,0,0
493,492,208,-1,6,0,0,0
494,328,372,-1,6,0,0,0
495,85,92,-1,6,0,0,0
496,113,169,-1,6,0,0,0
497,54,163,-1,6,0,0,0
498,19,128,-1,4,0,0,0
499,16,56,-1,4,0,0,0
500,9,185,-1,4,0,0,0
501,7,-1,-1,4,0,0,0
502,501,193,-1,6,0,0,0
503,96,134,-1,6,0,0,0
504,41,70,-1,4,0,0,0
505,225,-1,-1,4,0,0,0
506,505,402,-1,4,0,0,0
507,67,-1,-1,4,0,0,0
508,507,229,-1,6,0,0,0
509,128,-1,-1,4,0,0,0
510,509,384,-1,6,0,0,0
511,205,212,-1,6,0,0,0
512,23,146,-1,6,0,0,0
513,33,60,-1,6,0,0,0
514,36,169,-1,6,0,0,0
515,77,110,-1,6,0,0,0
516,328,-1,-1,4,0,0,0
517,516,353,-1,6,0,0,0
518,29,-1,-1,4,0,0,0
519,518,-1,-1,4,0,0,0
520,519,404,-1,6,0,0,0
521,100,111,-1,6,0,0,0
522,98,-1,-1,4,0,0,0
523,522,226,-1,6,0,0,0
524,92,-1,-1,4,0,0,0
525,524,233,-1,6,0,0,0
526,259,383,-1,6,0,0,0
527,36,126,-1,6,0,0,0
528,65,124,-1,6,0,0,0
529,43,64,-1,6,0,0,0
530,67,190,-1,6,0,0,0
531,49,-1,-1,4,0,0,0
532,531,387,-1,6,0,0,0
533,104,118,-1,6,0,0,0
534,38,174,-1,6,0,0,0
535,254,-1,-1,4,0,0,0
536,535,390,-1,6,0,0,0
537,27,186,-1,6,0,0,0
538,158,-1,-1,4,0,0,0
539,538,214,-1,6,0,0,0
540,112,146,-1,6,0,0,0
541,41,120,-1,6,0,0,0
542,188,-1,-1,4,0,0,0
543,542,306,-1,6,0,0,0
544,52,-1,-1,4,0,0,0
545,544,263,-1,6,0,0,0
546,127,-1,-1,4,0,0,0
547,546,295,-1,6,0,0,0
548,28,-1,-1,4,0,0,0
549,548,265,-1,6,0,0,0
550,498,-1,-1,4,0,0,0
551,550,347,-1,4,0,0,0
552,32,-1,-1,4,0,0,0
553,552,230,-1,4,0,0,0
554,203,266,-1,4,0,0,0
555,64,166,-1,4,0,0,0
556,61,-1,-1,4,0,0,0
557,556,397,-1,6,0,0,0
558,117,121,-1,6,0,0,0
559,48,124,-1,6,0,0,0
560,172,-1,-1,4,0,0,0
561,560,-1,-1,4,0,0,0
562,561,547,-1,6,0,0,0
563,122,165,-1,6,0,0,0
564,79,-1,-1,4,0,0,0
565,564,-1,-1,4,0,0,0
566,565,362,-1,6,0,0,0
567,25,27,-1,6,0,0,0
568,130,-1,-1,4,0,0,0
569,568,193,-1,6,0,0,0
570,169,-1,-1,4,0,0,0
571,570,198,-1,6,0,0,0
572,201,202,-1,6,0,0,0
573,145,-1,-1,4,0,0,0
574,573,203,-1,6,0,0,0
575,206,207,-1,6,0,0,0
576,113,-1,-1,4,0,0,0
577,576,208,-1,6,0,0,0
578,138,-1,-1,4,0,0,0
579,578,209,-1,6,0,0,0
580,110,-1,-1,4,0,0,0
581,580,210,-1,6,0,0,0
582,109,-1,-1,4,0,0,0
583,582,211,-1,6,0,0,0
584,213,214,-1,6,0,0,0
585,62,-1,-1,4,0,0,0
586,585,-1,-1,4,0,0,0
587,586,577,-1,4,0,0,0
588,581,218,-1,6,0,0,0
589,125,-1,-1,4,0,0,0
590,589,221,-1,6,0,0,0
591,111,-1,-1,4,0,0,0
592,591,222,-1,6,0,0,0
593,23,-1,-1,4,0,0,0
594,593,223,-1,4,0,0,0
595,59,-1,-1,4,0,0,0
596,595,224,-1,6,0,0,0
597,61,-1,-1,4,0,0,0
598,597,225,-1,6,0,0,0
599,157,-1,-1,4,0,0,0
600,599,230,-1,6,0,0,0
601,234,235,-1,6,0,0,0
602,57,-1,-1,4,0,0,0
603,602,238,-1,6,0,0,0
604,80,-1,-1,4,0,0,0
605,604,241,-1,6,0,0,0
606,114,-1,-1,4,0,0,0
607,606,242,-1,6,0,0,0
608,184,-1,-1,4,0,0,0
609,608,243,-1,6,0,0,0
610,12,-1,-1,4,0,0,0
611,610,246,-1,4,0,0,0
612,68,-1,-1,4,0,0,0
613,612,247,-1,6,0,0,0
614,107,-1,-1,4,0,0,0
615,614,254,-1,4,0,0,0
616,8,-1,-1,4,0,0,0
617,616,255,-1,6,0,0,0
618,257,258,-1,6,0,0,0
619,56,-1,-1,4,0,0,0
620,619,259,-1,6,0,0,0
621,51,-1,-1,4,0,0,0
622,621,260,-1,6,0,0,0
623,179,-1,-1,4,0,0,0
624,623,261,-1,6,0,0,0
625,133,-1,-1,4,0,0,0
626,625,263,-1,4,0,0,0
627,266,267,-1,4,0,0,0
628,128,-1,-1,4,0,0,0
629,628,-1,-1,4,0,0,0
630,629,271,-1,4,0,0,0
631,272,273,-1,6,0,0,0
632,84,-1,-1,4,0,0,0
633,632,276,-1,6,0,0,0
634,20,-1,-1,4,0,0,0
635,634,277,-1,6,0,0,0
636,148,-1,-1,4,0,0,0
637,636,-1,-1,4,0,0,0
638,637,600,-1,6,0,0,0
639,279,-1,-1,4,0,0,0
640,639,617,-1,6,0,0,0
641,73,-1,-1,4,0,0,0
642,641,-1,-1,4,0,0,0
643,642,627,-1,6,0,0,0
644,268,-1,-1,4,0,0,0
645,644,290,-1,6,0,0,0
646,58,-1,-1,4,0,0,0
647,646,295,-1,6,0,0,0
648,16,-1,-1,4,0,0,0
649,648,-1,-1,4,0,0,0
650,649,297,-1,6,0,0,0
651,45,-1,-1,4,0,0,0
652,651,298,-1,6,0,0,0
653,301,302,-1,6,0,0,0
654,311,-1,-1,4,0,0,0
655,654,-1,-1,4,0,0,0
656,655,643,-1,6,0,0,0
657,159,-1,-1,4,0,0,0
658,657,313,-1,4,0,0,0
659,173,-1,-1,4,0,0,0
660,659,314,-1,4,0,0,0
661,86,-1,-1,4,0,0,0
662,661,-1,-1,4,0,0,0
663,662,320,-1,6,0,0,0
664,48,-1,-1,4,0,0,0
665,664,327,-1,6,0,0,0
666,140,-1,-1,4,0,0,0
667,666,328,-1,4,0,0,0
668,329,330,-1,4,0,0,0
669,204,-1,-1,4,0,0,0
670,669,-1,-1,4,0,0,0
671,670,334,-1,6,0,0,0
672,175,-1,-1,4,0,0,0
673,672,335,-1,6,0,0,0
674,183,-1,-1,4,0,0,0
675,674,-1,-1,4,0,0,0
676,675,647,-1,6,0,0,0
677,187,-1,-1,4,0,0,0
678,677,336,-1,6,0,0,0
679,130,-1,-1,4,0,0,0
680,679,337,-1,6,0,0,0
681,339,340,-1,6,0,0,0
682,351,-1,-1,4,0,0,0
683,682,575,-1,6,0,0,0
684,160,-1,-1,4,0,0,0
685,684,355,-1,4,0,0,0
686,39,-1,-1,4,0,0,0
687,686,356,-1,6,0,0,0
688,116,-1,-1,4,0,0,0
689,688,360,-1,4,0,0,0
690,363,-1,-1,4,0,0,0
691,690,362,-1,6,0,0,0
692,109,-1,-1,4,0,0,0
693,692,364,-1,6,0,0,0
694,47,-1,-1,4,0,0,0
695,694,365,-1,6,0,0,0
696,667,367,-1,4,0,0,0
697,156,-1,-1,4,0,0,0
698,697,368,-1,6,0,0,0
699,138,-1,-1,4,0,0,0
700,699,372,-1,4,0,0,0
701,46,-1,-1,4,0,0,0
702,701,373,-1,6,0,0,0
703,74,-1,-1,4,0,0,0
704,703,-1,-1,4,0,0,0
705,704,375,-1,6,0,0,0
706,78,-1,-1,4,0,0,0
707,706,-1,-1,4,0,0,0
708,707,381,-1,6,0,0,0
709,32,-1,-1,4,0,0,0
710,709,383,-1,6,0,0,0
711,160,-1,-1,4,0,0,0
712,711,-1,-1,4,0,0,0
713,712,579,-1,6,0,0,0
714,387,388,-1,6,0,0,0
715,391,-1,-1,4,0,0,0
716,715,-1,-1,4,0,0,0
717,716,393,-1,6,0,0,0
718,24,-1,-1,4,0,0,0
719,718,397,-1,6,0,0,0
720,22,-1,-1,4,0,0,0
721,720,-1,-1,4,0,0,0
722,721,402,-1,6,0,0,0
723,151,-1,-1,4,0,0,0
724,723,-1,-1,4,0,0,0
725,724,569,-1,6,0,0,0
726,158,-1,-1,4,0,0,0
727,726,-1,-1,4,0,0,0
728,727,611,-1,6,0,0,0
729,295,-1,-1,4,0,0,0
730,729,404,-1,6,0,0,0
731,596,344,-1,6,0,0,0
732,569,710,-1,4,0,0,0
733,413,-1,-1,4,0,0,0
734,733,415,-1,4,0,0,0
735,394,-1,-1,4,0,0,0
736,735,571,-1,6,0,0,0
737,84,-1,-1,4,0,0,0
738,737,-1,-1,4,0,0,0
739,738,427,-1,6,0,0,0
740,142,-1,-1,4,0,0,0
741,740,-1,-1,4,0,0,0
742,741,615,-1,6,0,0,0
743,163,-1,-1,4,0,0,0
744,743,-1,-1,4,0,0,0
745,744,433,-1,6,0,0,0
746,445,-1,-1,4,0,0,0
747,746,-1,-1,4,0,0,0
748,747,444,-1,6,0,0,0
749,297,-1,-1,4,0,0,0
750,749,-1,-1,4,0,0,0
751,750,671,-1,6,0,0,0
752,62,-1,-1,4,0,0,0
753,752,452,-1,6,0,0,0
754,175,-1,-1,4,0,0,0
755,754,457,-1,6,0,0,0
756,458,-1,-1,4,0,0,0
757,756,-1,-1,4,0,0,0
758,757,725,-1,6,0,0,0
759,2,-1,-1,4,0,0,0
760,759,-1,-1,4,0,0,0
761,760,463,-1,6,0,0,0
762,465,466,-1,4,0,0,0
763,241,-1,-1,4,0,0,0
764,763,-1,-1,4,0,0,0
765,764,471,-1,4,0,0,0
766,335,-1,-1,4,0,0,0
767,766,481,-1,4,0,0,0
768,177,-1,-1,4,0,0,0
769,768,495,-1,4,0,0,0
770,136,-1,-1,4,0,0,0
771,770,-1,-1,4,0,0,0
772,771,626,-1,6,0,0,0
773,605,-1,-1,4,0,0,0
774,773,-1,-1,4,0,0,0
775,774,717,-1,6,0,0,0
776,504,-1,-1,4,0,0,0
777,776,-1,-1,4,0,0,0
778,777,506,-1,4,0,0,0
779,113,-1,-1,4,0,0,0
780,779,-1,-1,4,0,0,0
781,780,508,-1,6,0,0,0
782,94,-1,-1,4,0,0,0
783,782,-1,-1,4,0,0,0
784,783,-1,-1,4,0,0,0
785,784,739,-1,6,0,0,0
786,496,-1,-1,4,0,0,0
787,786,-1,-1,4,0,0,0
788,787,-1,-1,4,0,0,0
789,788,-1,-1,4,0,0,0
790,789,751,-1,6,0,0,0
791,74,-1,-1,4,0,0,0
792,791,-1,-1,4,0,0,0
793,792,-1,-1,4,0,0,0
794,793,588,-1,6,0,0,0
795,526,-1,-1,4,0,0,0
796,795,379,-1,6,0,0,0
797,64,-1,-1,4,0,0,0
798,797,-1,-1,4,0,0,0
799,798,-1,-1,4,0,0,0
800,799,536,-1,6,0,0,0
801,337,-1,-1,4,0,0,0
802,801,594,-1,6,0,0,0
803,539,511,-1,6,0,0,0
804,584,460,-1,6,0,0,0
805,416,540,-1,6,0,0,0
806,147,-1,-1,4,0,0,0
807,806,541,-1,4,0,0,0
808,439,545,-1,6,0,0,0
809,211,-1,-1,4,0,0,0
810,809,549,-1,4,0,0,0
811,154,-1,-1,4,0,0,0
812,811,-1,-1,4,0,0,0
813,812,620,-1,6,0,0,0
814,44,-1,-1,4,0,0,0
815,814,-1,-1,4,0,0,0
816,815,680,-1,6,0,0,0
817,142,-1,-1,4,0,0,0
818,817,-1,-1,4,0,0,0
819,818,680,-1,6,0,0,0
820,222,555,-1,4,0,0,0
821,620,-1,-1,4,0,0,0
822,821,379,-1,6,0,0,0
823,563,-1,-1,7,0,0,0
824,823,685,-1,2,0,0,0
825,197,-1,-1,4,0,0,0
826,825,571,-1,6,0,0,0
827,161,-1,-1,4,0,0,0
828,827,-1,-1,4,0,0,0
829,828,572,-1,6,0,0,0
830,205,-1,-1,4,0,0,0
831,830,575,-1,6,0,0,0
832,177,-1,-1,4,0,0,0
833,832,-1,-1,4,0,0,0
834,833,577,-1,6,0,0,0
835,174,-1,-1,4,0,0,0
836,835,-1,-1,4,0,0,0
837,836,579,-1,6,0,0,0
838,127,-1,-1,4,0,0,0
839,838,-1,-1,4,0,0,0
840,839,583,-1,6,0,0,0
841,212,-1,-1,4,0,0,0
842,841,584,-1,6,0,0,0
843,216,-1,-1,4,0,0,0
844,843,-1,-1,4,0,0,0
845,844,587,-1,4,0,0,0
846,89,-1,-1,4,0,0,0
847,846,-1,-1,4,0,0,0
848,847,590,-1,6,0,0,0
849,100,-1,-1,4,0,0,0
850,849,-1,-1,4,0,0,0
851,850,594,-1,4,0,0,0
852,596,598,-1,6,0,0,0
853,233,-1,-1,4,0,0,0
854,853,601,-1,6,0,0,0
855,592,-1,-1,4,0,0,0
856,855,852,-1,6,0,0,0
857,605,607,-1,6,0,0,0
858,611,-1,-1,4,0,0,0
859,858,842,-1,6,0,0,0
860,134,-1,-1,4,0,0,0
861,860,-1,-1,4,0,0,0
862,861,613,-1,4,0,0,0
863,848,840,-1,6,0,0,0
864,207,-1,-1,4,0,0,0
865,864,618,-1,6,0,0,0
866,620,622,-1,6,0,0,0
867,262,-1,-1,4,0,0,0
868,867,626,-1,6,0,0,0
869,206,-1,-1,4,0,0,0
870,869,631,-1,4,0,0,0
871,635,-1,-1,4,0,0,0
872,871,638,-1,6,0,0,0
873,278,-1,-1,4,0,0,0
874,873,-1,-1,4,0,0,0
875,874,640,-1,6,0,0,0
876,61,-1,-1,4,0,0,0
877,876,-1,-1,4,0,0,0
878,877,-1,-1,4,0,0,0
879,878,865,-1,6,0,0,0
880,15,53,-1,4,0,0,0
881,80,145,-1,6,0,0,0
882,150,191,-1,7,0,0,0
883,880,881,-1,6,0,0,0
884,882,277,-1,2,0,0,0
885,304,305,-1,2,0,0,0
886,265,306,-1,2,0,0,0
887,307,308,-1,4,0,0,0
888,312,-1,-1,4,0,0,0
889,883,884,-1,6,0,0,0
890,885,886,-1,6,0,0,0
891,887,888,-1,6,0,0,0
892,598,618,-1,6,0,0,0
893,633,310,-1,4,0,0,0
894,653,658,-1,2,0,0,0
895,660,-1,-1,4,0,0,0
896,889,890,-1,6,0,0,0
897,891,892,-1,6,0,0,0
898,893,894,-1,6,0,0,0
899,895,645,-1,6,0,0,0
900,896,897,-1,6,0,0,0
901,898,899,-1,6,0,0,0
902,656,-1,-1,7,0,0,0
903,900,901,-1,6,0,0,0
904,902,-1,-1,7,0,0,0
905,903,904,-1,4,0,0,0
906,326,665,-1,6,0,0,0
907,201,-1,-1,4,0,0,0
908,907,667,-1,4,0,0,0
909,192,-1,-1,4,0,0,0
910,909,-1,-1,4,0,0,0
911,910,840,-1,6,0,0,0
912,189,-1,-1,4,0,0,0
913,912,-1,-1,4,0,0,0
914,913,673,-1,6,0,0,0
915,577,680,-1,6,0,0,0
916,198,-1,-1,4,0,0,0
917,916,681,-1,6,0,0,0
918,353,-1,-1,4,0,0,0
919,918,914,-1,6,0,0,0
920,110,-1,-1,4,0,0,0
921,920,-1,-1,4,0,0,0
922,921,685,-1,6,0,0,0
923,572,689,-1,6,0,0,0
924,143,-1,-1,4,0,0,0
925,924,-1,-1,4,0,0,0
926,925,693,-1,4,0,0,0
927,142,-1,-1,4,0,0,0
928,927,-1,-1,4,0,0,0
929,928,-1,-1,4,0,0,0
930,929,837,-1,6,0,0,0
931,370,-1,-1,4,0,0,0
932,931,-1,-1,4,0,0,0
933,932,-1,-1,4,0,0,0
934,933,911,-1,6,0,0,0
935,379,831,-1,6,0,0,0
936,223,-1,-1,4,0,0,0
937,936,-1,-1,4,0,0,0
938,937,842,-1,6,0,0,0
939,250,-1,-1,4,0,0,0
940,939,-1,-1,4,0,0,0
941,940,917,-1,6,0,0,0
942,329,-1,-1,4,0,0,0
943,942,719,-1,6,0,0,0
944,60,-1,-1,4,0,0,0
945,944,-1,-1,4,0,0,0
946,945,-1,-1,4,0,0,0
947,946,722,-1,6,0,0,0
948,102,-1,-1,4,0,0,0
949,948,-1,-1,4,0,0,0
950,949,-1,-1,4,0,0,0
951,950,725,-1,6,0,0,0
952,256,-1,-1,4,0,0,0
953,952,-1,-1,4,0,0,0
954,953,731,-1,6,0,0,0
955,73,-1,-1,4,0,0,0
956,955,-1,-1,4,0,0,0
957,956,-1,-1,4,0,0,0
958,957,922,-1,6,0,0,0
959,263,-1,-1,4,0,0,0
960,959,-1,-1,4,0,0,0
961,960,732,-1,6,0,0,0
962,425,-1,-1,4,0,0,0
963,962,-1,-1,4,0,0,0
964,963,736,-1,6,0,0,0
965,431,-1,-1,4,0,0,0
966,965,742,-1,4,0,0,0
967,446,-1,-1,4,0,0,0
968,967,-1,-1,4,0,0,0
969,968,-1,-1,4,0,0,0
970,969,-1,-1,4,0,0,0
971,970,751,-1,6,0,0,0
972,58,102,-1,7,0,0,0
973,164,179,-1,2,0,0,0
974,972,973,-1,2,0,0,0
975,198,209,-1,4,0,0,0
976,210,365,-1,7,0,0,0
977,235,473,-1,4,0,0,0
978,416,395,-1,7,0,0,0
979,363,-1,-1,7,0,0,0
980,974,975,-1,6,0,0,0
981,976,977,-1,2,0,0,0
982,978,979,-1,7,0,0,0
983,577,620,-1,2,0,0,0
984,324,424,-1,2,0,0,0
985,474,-1,-1,4,0,0,0
986,980,981,-1,6,0,0,0
987,982,983,-1,2,0,0,0
988,984,985,-1,6,0,0,0
989,477,-1,-1,7,0,0,0
990,986,987,-1,6,0,0,0
991,988,989,-1,4,0,0,0
992,671,958,-1,4,0,0,0
993,990,991,-1,6,0,0,0
994,992,-1,-1,4,0,0,0
995,993,994,-1,6,0,0,0
996,11,28,-1,7,0,0,0
997,44,92,-1,4,0,0,0
998,113,167,-1,6,0,0,0
999,996,997,-1,2,0,0,0
1000,998,339,-1,4,0,0,0
1001,473,419,-1,7,0,0,0
1002,999,1000,-1,6,0,0,0
1003,1001,332,-1,2,0,0,0
1004,362,483,-1,4,0,0,0
1005,485,454,-1,4,0,0,0
1006,411,714,-1,7,0,0,0
1007,1002,1003,-1,6,0,0,0
1008,1004,1005,-1,6,0,0,0
1009,1006,722,-1,7,0,0,0
1010,826,487,-1,7,0,0,0
1011,1007,1008,-1,6,0,0,0
1012,1009,1010,-1,7,0,0,0
1013,966,-1,-1,7,0,0,0
1014,1011,1012,-1,4,0,0,0
1015,1013,-1,-1,7,0,0,0
1016,1014,1015,-1,4,0,0,0
1017,499,-1,-1,4,0,0,0
1018,1017,-1,-1,4,0,0,0
1019,1018,772,-1,6,0,0,0
1020,444,-1,-1,4,0,0,0
1021,1020,-1,-1,4,0,0,0
1022,1021,775,-1,6,0,0,0
1023,344,-1,-1,4,0,0,0
1024,1023,-1,-1,4,0,0,0
1025,1024,785,-1,6,0,0,0
1026,537,-1,-1,4,0,0,0
1027,1026,-1,-1,4,0,0,0
1028,1027,803,-1,6,0,0,0
1029,543,-1,-1,4,0,0,0
1030,1029,808,-1,4,0,0,0
1031,315,-1,-1,4,0,0,0
1032,1031,-1,-1,4,0,0,0
1033,1032,831,-1,6,0,0,0
1034,79,-1,-1,7,0,0,0
1035,1034,263,-1,2,0,0,0
1036,338,225,-1,7,0,0,0
1037,224,304,-1,2,0,0,0
1038,357,398,-1,2,0,0,0
1039,1035,1036,-1,4,0,0,0
1040,1037,1038,-1,6,0,0,0
1041,681,297,-1,6,0,0,0
1042,673,581,-1,7,0,0,0
1043,326,438,-1,6,0,0,0
1044,700,553,-1,4,0,0,0
1045,1039,1040,-1,6,0,0,0
1046,1041,1042,-1,4,0,0,0
1047,1043,1044,-1,6,0,0,0
1048,816,813,-1,2,0,0,0
1049,676,-1,-1,7,0,0,0
1050,1045,1046,-1,6,0,0,0
1051,1047,1048,-1,6,0,0,0
1052,1049,845,-1,7,0,0,0
1053,1033,-1,-1,4,0,0,0
1054,1050,1051,-1,6,0,0,0
1055,1052,1053,-1,2,0,0,0
1056,1054,1055,-1,6,0,0,0
1057,559,-1,-1,4,0,0,0
1058,1057,-1,-1,4,0,0,0
1059,1058,-1,-1,4,0,0,0
1060,1059,930,-1,6,0,0,0
1061,111,116,-1,7,0,0,0
1062,125,182,-1,7,0,0,0
1063,1061,1062,-1,7,0,0,0
1064,201,264,-1,7,0,0,0
1065,327,-1,-1,4,0,0,0
1066,1063,1064,-1,7,0,0,0
1067,1065,218,-1,4,0,0,0
1068,438,523,-1,7,0,0,0
1069,494,-1,-1,7,0,0,0
1070,1066,1067,-1,2,0,0,0
1071,1068,1069,-1,7,0,0,0
1072,837,781,-1,6,0,0,0
1073,566,-1,-1,4,0,0,0
1074,1070,1071,-1,4,0,0,0
1075,1072,1073,-1,6,0,0,0
1076,1074,1075,-1,6,0,0,0
1077,76,86,-1,4,0,0,0
1078,130,170,-1,4,0,0,0
1079,1077,1078,-1,6,0,0,0
1080,355,276,-1,4,0,0,0
1081,555,394,-1,4,0,0,0
1082,540,567,-1,2,0,0,0
1083,285,-1,-1,7,0,0,0
1084,1079,1080,-1,6,0,0,0
1085,1081,1082,-1,6,0,0,0
1086,1083,607,-1,2,0,0,0
1087,297,539,-1,7,0,0,0
1088,463,755,-1,2,0,0,0
1089,762,-1,-1,7,0,0,0
1090,1084,1085,-1,6,0,0,0
1091,1086,1087,-1,4,0,0,0
1092,1088,1089,-1,4,0,0,0
1093,866,-1,-1,7,0,0,0
1094,1090,1091,-1,6,0,0,0
1095,1092,1093,-1,4,0,0,0
1096,765,1030,-1,4,0,0,0
1097,1094,1095,-1,6,0,0,0
1098,1096,-1,-1,4,0,0,0
1099,1097,1098,-1,6,0,0,0
1100,78,-1,-1,4,0,0,0
1101,1100,-1,-1,4,0,0,0
1102,1101,-1,-1,4,0,0,0
1103,1102,829,-1,6,0,0,0
1104,204,-1,-1,4,0,0,0
1105,1104,-1,-1,4,0,0,0
1106,1105,831,-1,6,0,0,0
1107,581,-1,-1,4,0,0,0
1108,1107,837,-1,6,0,0,0
1109,92,-1,-1,4,0,0,0
1110,1109,-1,-1,4,0,0,0
1111,1110,-1,-1,4,0,0,0
1112,1111,848,-1,6,0,0,0
1113,36,-1,-1,4,0,0,0
1114,1113,-1,-1,4,0,0,0
1115,1114,-1,-1,4,0,0,0
1116,1115,852,-1,6,0,0,0
1117,240,-1,-1,4,0,0,0
1118,1117,-1,-1,4,0,0,0
1119,1118,857,-1,6,0,0,0
1120,245,-1,-1,4,0,0,0
1121,1120,-1,-1,4,0,0,0
1122,1121,859,-1,6,0,0,0
1123,249,-1,-1,4,0,0,0
1124,1123,-1,-1,4,0,0,0
1125,1124,863,-1,4,0,0,0
1126,624,-1,-1,4,0,0,0
1127,1126,868,-1,6,0,0,0
1128,872,875,-1,4,0,0,0
1129,292,-1,-1,4,0,0,0
1130,1129,-1,-1,4,0,0,0
1131,1130,879,-1,6,0,0,0
1132,35,144,-1,2,0,0,0
1133,155,168,-1,6,0,0,0
1134,169,-1,-1,4,0,0,0
1135,1132,1133,-1,6,0,0,0
1136,1134,215,-1,6,0,0,0
1137,315,318,-1,6,0,0,0
1138,1135,1136,-1,6,0,0,0
1139,1137,317,-1,4,0,0,0
1140,322,324,-1,7,0,0,0
1141,668,-1,-1,4,0,0,0
1142,1138,1139,-1,6,0,0,0
1143,1140,1141,-1,2,0,0,0
1144,663,906,-1,4,0,0,0
1145,630,908,-1,4,0,0,0
1146,1142,1143,-1,6,0,0,0
1147,1144,1145,-1,6,0,0,0
1148,1146,1147,-1,6,0,0,0
1149,829,-1,-1,4,0,0,0
1150,1149,911,-1,6,0,0,0
1151,158,-1,-1,4,0,0,0
1152,1151,-1,-1,4,0,0,0
1153,1152,-1,-1,4,0,0,0
1154,1153,914,-1,6,0,0,0
1155,338,-1,-1,4,0,0,0
1156,1155,-1,-1,4,0,0,0
1157,1156,917,-1,4,0,0,0
1158,354,-1,-1,4,0,0,0
1159,1158,-1,-1,4,0,0,0
1160,1159,-1,-1,4,0,0,0
1161,1160,919,-1,6,0,0,0
1162,121,-1,-1,4,0,0,0
1163,1162,-1,-1,4,0,0,0
1164,1163,-1,-1,4,0,0,0
1165,1164,922,-1,4,0,0,0
1166,28,-1,-1,4,0,0,0
1167,1166,-1,-1,4,0,0,0
1168,1167,-1,-1,4,0,0,0
1169,1168,-1,-1,4,0,0,0
1170,1169,-1,-1,4,0,0,0
1171,1170,1150,-1,4,0,0,0
1172,34,-1,-1,4,0,0,0
1173,1172,-1,-1,4,0,0,0
1174,1173,-1,-1,4,0,0,0
1175,1174,-1,-1,4,0,0,0
1176,1175,-1,-1,4,0,0,0
1177,1176,934,-1,4,0,0,0
1178,622,-1,-1,4,0,0,0
1179,1178,-1,-1,4,0,0,0
1180,1179,935,-1,6,0,0,0
1181,100,-1,-1,4,0,0,0
1182,1181,-1,-1,4,0,0,0
1183,1182,-1,-1,4,0,0,0
1184,1183,-1,-1,4,0,0,0
1185,1184,938,-1,6,0,0,0
1186,103,-1,-1,4,0,0,0
1187,1186,-1,-1,4,0,0,0
1188,1187,-1,-1,4,0,0,0
1189,1188,-1,-1,4,0,0,0
1190,1189,941,-1,4,0,0,0
1191,1119,717,-1,6,0,0,0
1192,695,-1,-1,4,0,0,0
1193,1192,943,-1,6,0,0,0
1194,412,-1,-1,4,0,0,0
1195,1194,-1,-1,4,0,0,0
1196,1195,-1,-1,4,0,0,0
1197,1196,958,-1,6,0,0,0
1198,174,-1,-1,4,0,0,0
1199,1198,-1,-1,4,0,0,0
1200,1199,-1,-1,4,0,0,0
1201,1200,-1,-1,4,0,0,0
1202,1201,961,-1,4,0,0,0
1203,242,-1,-1,4,0,0,0
1204,1203,-1,-1,4,0,0,0
1205,1204,-1,-1,4,0,0,0
1206,1205,964,-1,4,0,0,0
1207,13,74,-1,2,0,0,0
1208,108,111,-1,7,0,0,0
1209,176,179,-1,7,0,0,0
1210,1207,1208,-1,4,0,0,0
1211,1209,391,-1,7,0,0,0
1212,233,192,-1,7,0,0,0
1213,428,-1,-1,7,0,0,0
1214,1210,1211,-1,4,0,0,0
1215,1212,1213,-1,7,0,0,0
1216,342,429,-1,7,0,0,0
1217,1214,1215,-1,4,0,0,0
1218,1216,857,-1,7,0,0,0
1219,739,730,-1,4,0,0,0
1220,1217,1218,-1,4,0,0,0
1221,1219,1165,-1,4,0,0,0
1222,966,-1,-1,4,0,0,0
1223,1220,1221,-1,6,0,0,0
1224,1222,1122,-1,4,0,0,0
1225,1190,-1,-1,4,0,0,0
1226,1223,1224,-1,6,0,0,0
1227,1225,-1,-1,4,0,0,0
1228,1226,1227,-1,6,0,0,0
1229,42,43,-1,7,0,0,0
1230,92,117,-1,6,0,0,0
1231,176,178,-1,7,0,0,0
1232,1229,1230,-1,2,0,0,0
1233,1231,260,-1,7,0,0,0
1234,215,396,-1,6,0,0,0
1235,385,-1,-1,4,0,0,0
1236,1232,1233,-1,4,0,0,0
1237,1234,1235,-1,6,0,0,0
1238,603,382,-1,7,0,0,0
1239,1236,1237,-1,6,0,0,0
1240,1238,852,-1,2,0,0,0
1241,650,745,-1,7,0,0,0
1242,436,-1,-1,4,0,0,0
1243,1239,1240,-1,6,0,0,0
1244,1241,1242,-1,2,0,0,0
1245,1193,-1,-1,4,0,0,0
1246,1243,1244,-1,6,0,0,0
1247,1245,-1,-1,4,0,0,0
1248,1246,1247,-1,6,0,0,0
1249,447,-1,-1,4,0,0,0
1250,1249,-1,-1,4,0,0,0
1251,1250,-1,-1,4,0,0,0
1252,1251,-1,-1,4,0,0,0
1253,1252,-1,-1,4,0,0,0
1254,1253,971,-1,6,0,0,0
1255,25,27,-1,4,0,0,0
1256,29,61,-1,2,0,0,0
1257,67,118,-1,4,0,0,0
1258,161,-1,-1,7,0,0,0
1259,1255,1256,-1,6,0,0,0
1260,1257,1258,-1,4,0,0,0
1261,387,238,-1,7,0,0,0
1262,451,-1,-1,7,0,0,0
1263,1259,1260,-1,6,0,0,0
1264,1261,1262,-1,7,0,0,0
1265,687,647,-1,7,0,0,0
1266,753,454,-1,7,0,0,0
1267,456,755,-1,7,0,0,0
1268,1263,1264,-1,4,0,0,0
1269,1265,1266,-1,7,0,0,0
1270,1267,450,-1,7,0,0,0
1271,854,-1,-1,7,0,0,0
1272,1268,1269,-1,4,0,0,0
1273,1270,1271,-1,7,0,0,0
1274,1165,758,-1,7,0,0,0
1275,1272,1273,-1,4,0,0,0
1276,1274,-1,-1,7,0,0,0
1277,1275,1276,-1,4,0,0,0
1278,34,65,-1,4,0,0,0
1279,99,101,-1,6,0,0,0
1280,180,-1,-1,7,0,0,0
1281,1278,1279,-1,6,0,0,0
1282,1280,214,-1,7,0,0,0
1283,246,267,-1,7,0,0,0
1284,461,464,-1,6,0,0,0
1285,1281,1282,-1,4,0,0,0
1286,1283,1284,-1,2,0,0,0
1287,620,460,-1,2,0,0,0
1288,300,762,-1,4,0,0,0
1289,1285,1286,-1,6,0,0,0
1290,1287,1288,-1,6,0,0,0
1291,638,761,-1,7,0,0,0
1292,436,862,-1,6,0,0,0
1293,1289,1290,-1,6,0,0,0
1294,1291,1292,-1,2,0,0,0
1295,1293,1294,-1,6,0,0,0
1296,1206,-1,-1,4,0,0,0
1297,1295,1296,-1,6,0,0,0
1298,28,107,-1,7,0,0,0
1299,1298,228,-1,2,0,0,0
1300,372,329,-1,7,0,0,0
1301,312,-1,-1,7,0,0,0
1302,1299,1300,-1,4,0,0,0
1303,1301,342,-1,7,0,0,0
1304,577,381,-1,2,0,0,0
1305,468,423,-1,2,0,0,0
1306,472,-1,-1,4,0,0,0
1307,1302,1303,-1,4,0,0,0
1308,1304,1305,-1,6,0,0,0
1309,1306,-1,-1,4,0,0,0
1310,1307,1308,-1,6,0,0,0
1311,1309,1157,-1,4,0,0,0
1312,765,-1,-1,7,0,0,0
1313,1310,1311,-1,6,0,0,0
1314,1312,-1,-1,7,0,0,0
1315,1313,1314,-1,4,0,0,0
1316,68,87,-1,2,0,0,0
1317,89,100,-1,7,0,0,0
1318,104,186,-1,2,0,0,0
1319,1316,1317,-1,4,0,0,0
1320,1318,213,-1,6,0,0,0
1321,336,229,-1,7,0,0,0
1322,368,-1,-1,7,0,0,0
1323,1319,1320,-1,6,0,0,0
1324,1321,1322,-1,7,0,0,0
1325,579,479,-1,7,0,0,0
1326,1323,1324,-1,4,0,0,0
1327,1325,834,-1,7,0,0,0
1328,767,-1,-1,7,0,0,0
1329,1326,1327,-1,4,0,0,0
1330,1328,-1,-1,7,0,0,0
1331,1329,1330,-1,4,0,0,0
1332,1331,1171,-1,6,0,0,0
1333,498,-1,-1,4,0,0,0
1334,1333,-1,-1,4,0,0,0
1335,1334,-1,-1,4,0,0,0
1336,1335,1019,-1,4,0,0,0
1337,13,60,-1,4,0,0,0
1338,77,84,-1,6,0,0,0
1339,89,124,-1,6,0,0,0
1340,151,162,-1,7,0,0,0
1341,1337,1338,-1,6,0,0,0
1342,1339,1340,-1,4,0,0,0
1343,255,377,-1,6,0,0,0
1344,315,199,-1,4,0,0,0
1345,1341,1342,-1,6,0,0,0
1346,1343,1344,-1,6,0,0,0
1347,622,615,-1,7,0,0,0
1348,320,658,-1,2,0,0,0
1349,1345,1346,-1,6,0,0,0
1350,1347,1348,-1,2,0,0,0
1351,1349,1350,-1,6,0,0,0
1352,1351,1336,-1,4,0,0,0
1353,1131,-1,-1,4,0,0,0
1354,1352,1353,-1,6,0,0,0
1355,510,-1,-1,4,0,0,0
1356,1355,-1,-1,4,0,0,0
1357,1356,-1,-1,4,0,0,0
1358,1357,1025,-1,4,0,0,0
1359,95,-1,-1,4,0,0,0
1360,1359,-1,-1,4,0,0,0
1361,1360,-1,-1,4,0,0,0
1362,1361,-1,-1,4,0,0,0
1363,1362,1112,-1,6,0,0,0
1364,62,145,-1,4,0,0,0
1365,163,174,-1,6,0,0,0
1366,1364,1365,-1,6,0,0,0
1367,259,243,-1,6,0,0,0
1368,276,212,-1,6,0,0,0
1369,337,235,-1,7,0,0,0
1370,521,196,-1,2,0,0,0
1371,514,-1,-1,4,0,0,0
1372,1366,1367,-1,6,0,0,0
1373,1368,1369,-1,4,0,0,0
1374,1370,1371,-1,6,0,0,0
1375,681,508,-1,4,0,0,0
1376,523,400,-1,6,0,0,0
1377,1372,1373,-1,6,0,0,0
1378,1374,1375,-1,6,0,0,0
1379,1376,857,-1,6,0,0,0
1380,520,-1,-1,4,0,0,0
1381,1377,1378,-1,6,0,0,0
1382,1379,1380,-1,6,0,0,0
1383,717,1154,-1,4,0,0,0
1384,1381,1382,-1,6,0,0,0
1385,1383,751,-1,6,0,0,0
1386,1125,-1,-1,4,0,0,0
1387,1384,1385,-1,6,0,0,0
1388,1386,-1,-1,4,0,0,0
1389,1387,1388,-1,6,0,0,0
1390,365,-1,-1,4,0,0,0
1391,1390,-1,-1,4,0,0,0
1392,1391,-1,-1,4,0,0,0
1393,1392,-1,-1,4,0,0,0
1394,1393,1191,-1,6,0,0,0
1395,226,-1,-1,4,0,0,0
1396,1395,-1,-1,4,0,0,0
1397,1396,-1,-1,4,0,0,0
1398,1397,-1,-1,4,0,0,0
1399,1398,1191,-1,6,0,0,0
1400,101,173,-1,4,0,0,0
1401,1400,229,-1,6,0,0,0
1402,265,457,-1,2,0,0,0
1403,521,529,-1,2,0,0,0
1404,533,-1,-1,7,0,0,0
1405,1401,1402,-1,6,0,0,0
1406,1403,1404,-1,4,0,0,0
1407,607,572,-1,4,0,0,0
1408,532,502,-1,2,0,0,0
1409,421,678,-1,4,0,0,0
1410,1405,1406,-1,6,0,0,0
1411,1407,1408,-1,6,0,0,0
1412,1409,837,-1,6,0,0,0
1413,1410,1411,-1,6,0,0,0
1414,1412,1157,-1,4,0,0,0
1415,1413,1414,-1,6,0,0,0
1416,1415,790,-1,6,0,0,0
1417,1358,-1,-1,4,0,0,0
1418,1416,1417,-1,6,0,0,0
1419,802,-1,-1,4,0,0,0
1420,1419,1028,-1,4,0,0,0
1421,63,64,-1,4,0,0,0
1422,93,99,-1,6,0,0,0
1423,108,114,-1,7,0,0,0
1424,133,139,-1,2,0,0,0
1425,157,169,-1,7,0,0,0
1426,178,-1,-1,4,0,0,0
1427,1421,1422,-1,6,0,0,0
1428,1423,1424,-1,2,0,0,0
1429,1425,1426,-1,2,0,0,0
1430,338,499,-1,7,0,0,0
1431,473,497,-1,7,0,0,0
1432,528,196,-1,7,0,0,0
1433,348,-1,-1,7,0,0,0
1434,1427,1428,-1,6,0,0,0
1435,1429,1430,-1,4,0,0,0
1436,1431,1432,-1,7,0,0,0
1437,1433,575,-1,7,0,0,0
1438,491,609,-1,6,0,0,0
1439,805,807,-1,6,0,0,0
1440,1434,1435,-1,6,0,0,0
1441,1436,1437,-1,7,0,0,0
1442,1438,1439,-1,6,0,0,0
1443,1440,1441,-1,4,0,0,0
1444,1442,1030,-1,6,0,0,0
1445,1443,1444,-1,6,0,0,0
1446,54,84,-1,4,0,0,0
1447,88,-1,-1,4,0,0,0
1448,1446,1447,-1,6,0,0,0
1449,234,336,-1,7,0,0,0
1450,488,530,-1,7,0,0,0
1451,500,-1,-1,7,0,0,0
1452,1448,1449,-1,4,0,0,0
1453,1450,1451,-1,7,0,0,0
1454,483,288,-1,7,0,0,0
1455,1452,1453,-1,4,0,0,0
1456,1454,450,-1,2,0,0,0
1457,813,908,-1,4,0,0,0
1458,1455,1456,-1,6,0,0,0
1459,1457,-1,-1,4,0,0,0
1460,1458,1459,-1,6,0,0,0
1461,1420,-1,-1,7,0,0,0
1462,1460,1461,-1,4,0,0,0
1463,1022,-1,-1,4,0,0,0
1464,1462,1463,-1,6,0,0,0
1465,465,-1,-1,4,0,0,0
1466,1465,-1,-1,4,0,0,0
1467,1466,-1,-1,4,0,0,0
1468,1467,-1,-1,4,0,0,0
1469,1468,-1,-1,4,0,0,0
1470,1469,1399,-1,6,0,0,0
1471,59,131,-1,2,0,0,0
1472,158,160,-1,7,0,0,0
1473,1471,1472,-1,4,0,0,0
1474,370,515,-1,6,0,0,0
1475,376,303,-1,4,0,0,0
1476,1473,1474,-1,6,0,0,0
1477,1475,590,-1,4,0,0,0
1478,362,820,-1,4,0,0,0
1479,1476,1477,-1,6,0,0,0
1480,1478,739,-1,4,0,0,0
1481,1479,1480,-1,6,0,0,0
1482,1481,-1,-1,4,0,0,0
1483,1482,-1,-1,4,0,0,0
1484,1483,1470,-1,6,0,0,0
1485,11,55,-1,7,0,0,0
1486,70,75,-1,6,0,0,0
1487,83,105,-1,6,0,0,0
1488,110,115,-1,2,0,0,0
1489,1485,1486,-1,2,0,0,0
1490,1487,1488,-1,6,0,0,0
1491,428,280,-1,7,0,0,0
1492,527,521,-1,2,0,0,0
1493,1489,1490,-1,6,0,0,0
1494,1491,1492,-1,2,0,0,0
1495,605,390,-1,4,0,0,0
1496,557,409,-1,2,0,0,0
1497,1493,1494,-1,6,0,0,0
1498,1495,1496,-1,6,0,0,0
1499,517,551,-1,7,0,0,0
1500,1497,1498,-1,6,0,0,0
1501,1499,-1,-1,7,0,0,0
1502,1500,1501,-1,4,0,0,0
1503,1180,-1,-1,4,0,0,0
1504,1502,1503,-1,6,0,0,0
1505,1504,1254,-1,6,0,0,0
1506,37,66,-1,2,0,0,0
1507,86,187,-1,4,0,0,0
1508,1506,1507,-1,6,0,0,0
1509,534,533,-1,4,0,0,0
1510,1508,1509,-1,6,0,0,0
1511,508,483,-1,7,0,0,0
1512,371,479,-1,7,0,0,0
1513,1510,1511,-1,4,0,0,0
1514,1512,819,-1,7,0,0,0
1515,926,-1,-1,4,0,0,0
1516,1513,1514,-1,4,0,0,0
1517,1515,1103,-1,4,0,0,0
1518,954,-1,-1,4,0,0,0
1519,1516,1517,-1,6,0,0,0
1520,1518,1161,-1,4,0,0,0
1521,1519,1520,-1,6,0,0,0
1522,131,150,-1,2,0,0,0
1523,161,172,-1,6,0,0,0
1524,1522,1523,-1,6,0,0,0
1525,211,413,-1,7,0,0,0
1526,1524,1525,-1,4,0,0,0
1527,375,493,-1,7,0,0,0
1528,1526,1527,-1,4,0,0,0
1529,837,691,-1,2,0,0,0
1530,1528,1529,-1,6,0,0,0
1531,1112,748,-1,2,0,0,0
1532,1530,1531,-1,6,0,0,0
1533,1532,1394,-1,6,0,0,0
1534,393,-1,-1,4,0,0,0
1535,1534,1119,-1,6,0,0,0
1536,14,-1,-1,7,0,0,0
1537,1536,205,-1,2,0,0,0
1538,386,239,-1,7,0,0,0
1539,1537,1538,-1,4,0,0,0
1540,681,687,-1,4,0,0,0
1541,371,431,-1,7,0,0,0
1542,532,769,-1,7,0,0,0
1543,1539,1540,-1,6,0,0,0
1544,1541,1542,-1,7,0,0,0
1545,851,810,-1,6,0,0,0
1546,1543,1544,-1,4,0,0,0
1547,1545,800,-1,4,0,0,0
1548,1546,1547,-1,6,0,0,0
1549,1535,-1,-1,7,0,0,0
1550,1548,1549,-1,4,0,0,0
1551,971,-1,-1,4,0,0,0
1552,1550,1551,-1,6,0,0,0
1553,822,-1,-1,4,0,0,0
1554,1553,1060,-1,6,0,0,0
1555,38,94,-1,4,0,0,0
1556,129,-1,-1,7,0,0,0
1557,1555,1556,-1,4,0,0,0
1558,383,301,-1,6,0,0,0
1559,251,473,-1,4,0,0,0
1560,567,513,-1,4,0,0,0
1561,558,-1,-1,7,0,0,0
1562,1557,1558,-1,6,0,0,0
1563,1559,1560,-1,6,0,0,0
1564,1561,820,-1,2,0,0,0
1565,1562,1563,-1,6,0,0,0
1566,1564,506,-1,6,0,0,0
1567,562,-1,-1,4,0,0,0
1568,1565,1566,-1,6,0,0,0
1569,1567,1112,-1,6,0,0,0
1570,1568,1569,-1,6,0,0,0
1571,95,105,-1,4,0,0,0
1572,137,139,-1,2,0,0,0
1573,161,179,-1,6,0,0,0
1574,1571,1572,-1,6,0,0,0
1575,1573,234,-1,6,0,0,0
1576,495,357,-1,6,0,0,0
1577,307,-1,-1,7,0,0,0
1578,1574,1575,-1,6,0,0,0
1579,1576,1577,-1,4,0,0,0
1580,1578,1579,-1,6,0,0,0
1581,917,566,-1,4,0,0,0
1582,824,-1,-1,7,0,0,0
1583,1580,1581,-1,6,0,0,0
1584,1582,911,-1,2,0,0,0
1585,1583,1584,-1,6,0,0,0
1586,1202,-1,-1,7,0,0,0
1587,1585,1586,-1,4,0,0,0
1588,834,-1,-1,4,0,0,0
1589,1588,1108,-1,6,0,0,0
1590,592,-1,-1,4,0,0,0
1591,1590,-1,-1,4,0,0,0
1592,1591,1112,-1,6,0,0,0
1593,190,-1,-1,4,0,0,0
1594,1593,-1,-1,4,0,0,0
1595,1594,-1,-1,4,0,0,0
1596,1595,-1,-1,4,0,0,0
1597,1596,1116,-1,4,0,0,0
1598,172,-1,-1,4,0,0,0
1599,1598,-1,-1,4,0,0,0
1600,1599,-1,-1,4,0,0,0
1601,1600,-1,-1,4,0,0,0
1602,1601,1119,-1,6,0,0,0
1603,16,33,-1,7,0,0,0
1604,47,50,-1,6,0,0,0
1605,52,116,-1,4,0,0,0
1606,153,163,-1,6,0,0,0
1607,1603,1604,-1,2,0,0,0
1608,1605,1606,-1,6,0,0,0
1609,250,243,-1,7,0,0,0
1610,228,251,-1,6,0,0,0
1611,252,253,-1,6,0,0,0
1612,256,-1,-1,7,0,0,0
1613,1607,1608,-1,6,0,0,0
1614,1609,1610,-1,2,0,0,0
1615,1611,1612,-1,4,0,0,0
1616,615,617,-1,4,0,0,0
1617,1613,1614,-1,6,0,0,0
1618,1615,1616,-1,6,0,0,0
1619,865,866,-1,2,0,0,0
1620,1617,1618,-1,6,0,0,0
1621,1619,1127,-1,4,0,0,0
1622,1620,1621,-1,6,0,0,0
1623,633,-1,-1,4,0,0,0
1624,1623,-1,-1,4,0,0,0
1625,1624,-1,-1,4,0,0,0
1626,1625,1128,-1,6,0,0,0
1627,5,45,-1,7,0,0,0
1628,123,137,-1,2,0,0,0
1629,1627,1628,-1,2,0,0,0
1630,280,283,-1,6,0,0,0
1631,284,285,-1,4,0,0,0
1632,286,-1,-1,4,0,0,0
1633,1629,1630,-1,6,0,0,0
1634,1631,1632,-1,6,0,0,0
1635,282,288,-1,6,0,0,0
1636,294,-1,-1,4,0,0,0
1637,1633,1634,-1,6,0,0,0
1638,1635,1636,-1,6,0,0,0
1639,643,645,-1,4,0,0,0
1640,1637,1638,-1,6,0,0,0
1641,1639,1127,-1,4,0,0,0
1642,1640,1641,-1,6,0,0,0
1643,1131,-1,-1,7,0,0,0
1644,1642,1643,-1,4,0,0,0
1645,83,-1,-1,4,0,0,0
1646,1645,-1,-1,4,0,0,0
1647,1646,-1,-1,4,0,0,0
1648,1647,-1,-1,4,0,0,0
1649,1648,-1,-1,4,0,0,0
1650,1649,1592,-1,6,0,0,0
1651,1592,1150,-1,6,0,0,0
1652,213,-1,-1,4,0,0,0
1653,1652,-1,-1,4,0,0,0
1654,1653,-1,-1,4,0,0,0
1655,1654,1157,-1,6,0,0,0
1656,87,90,-1,2,0,0,0
1657,130,136,-1,6,0,0,0
1658,159,-1,-1,4,0,0,0
1659,1656,1657,-1,6,0,0,0
1660,1658,243,-1,6,0,0,0
1661,345,231,-1,4,0,0,0
1662,272,348,-1,7,0,0,0
1663,1659,1660,-1,6,0,0,0
1664,1661,1662,-1,4,0,0,0
1665,342,344,-1,4,0,0,0
1666,347,271,-1,2,0,0,0
1667,317,350,-1,2,0,0,0
1668,1663,1664,-1,6,0,0,0
1669,1665,1666,-1,6,0,0,0
1670,1667,842,-1,4,0,0,0
1671,683,-1,-1,7,0,0,0
1672,1668,1669,-1,6,0,0,0
1673,1670,1671,-1,4,0,0,0
1674,1119,-1,-1,4,0,0,0
1675,1672,1673,-1,6,0,0,0
1676,1674,1161,-1,6,0,0,0
1677,1675,1676,-1,6,0,0,0
1678,1,7,-1,6,0,0,0
1679,72,129,-1,6,0,0,0
1680,185,-1,-1,7,0,0,0
1681,1678,1679,-1,6,0,0,0
1682,1680,304,-1,2,0,0,0
1683,305,298,-1,4,0,0,0
1684,357,358,-1,6,0,0,0
1685,318,359,-1,4,0,0,0
1686,1681,1682,-1,6,0,0,0
1687,1683,1684,-1,6,0,0,0
1688,1685,687,-1,4,0,0,0
1689,294,-1,-1,7,0,0,0
1690,1686,1687,-1,6,0,0,0
1691,1688,1689,-1,4,0,0,0
1692,923,691,-1,4,0,0,0
1693,926,-1,-1,7,0,0,0
1694,1690,1691,-1,6,0,0,0
1695,1692,1693,-1,4,0,0,0
1696,1165,-1,-1,4,0,0,0
1697,1694,1695,-1,6,0,0,0
1698,1696,-1,-1,4,0,0,0
1699,1697,1698,-1,6,0,0,0
1700,10,31,-1,7,0,0,0
1701,121,124,-1,4,0,0,0
1702,165,-1,-1,4,0,0,0
1703,1700,1701,-1,2,0,0,0
1704,1702,295,-1,6,0,0,0
1705,311,269,-1,2,0,0,0
1706,1703,1704,-1,6,0,0,0
1707,1705,695,-1,4,0,0,0
1708,245,574,-1,4,0,0,0
1709,1706,1707,-1,6,0,0,0
1710,1708,826,-1,6,0,0,0
1711,696,-1,-1,7,0,0,0
1712,1709,1710,-1,6,0,0,0
1713,1711,919,-1,2,0,0,0
1714,1712,1713,-1,6,0,0,0
1715,1714,1171,-1,4,0,0,0
1716,53,55,-1,6,0,0,0
1717,66,149,-1,7,0,0,0
1718,190,-1,-1,4,0,0,0
1719,1716,1717,-1,4,0,0,0
1720,1718,220,-1,4,0,0,0
1721,1719,1720,-1,6,0,0,0
1722,362,581,-1,4,0,0,0
1723,698,369,-1,7,0,0,0
1724,1721,1722,-1,6,0,0,0
1725,1723,915,-1,7,0,0,0
1726,906,-1,-1,4,0,0,0
1727,1724,1725,-1,4,0,0,0
1728,1726,930,-1,4,0,0,0
1729,1727,1728,-1,6,0,0,0
1730,1729,1650,-1,4,0,0,0
1731,1177,-1,-1,4,0,0,0
1732,1730,1731,-1,6,0,0,0
1733,351,-1,-1,4,0,0,0
1734,1733,-1,-1,4,0,0,0
1735,1734,-1,-1,4,0,0,0
1736,1735,-1,-1,4,0,0,0
1737,1736,1180,-1,6,0,0,0
1738,856,-1,-1,4,0,0,0
1739,1738,1185,-1,6,0,0,0
1740,73,84,-1,7,0,0,0
1741,110,177,-1,4,0,0,0
1742,1740,1741,-1,2,0,0,0
1743,372,384,-1,6,0,0,0
1744,385,200,-1,4,0,0,0
1745,386,-1,-1,4,0,0,0
1746,1742,1743,-1,6,0,0,0
1747,1744,1745,-1,6,0,0,0
1748,575,710,-1,2,0,0,0
1749,310,369,-1,2,0,0,0
1750,714,-1,-1,7,0,0,0
1751,1746,1747,-1,6,0,0,0
1752,1748,1749,-1,6,0,0,0
1753,1750,713,-1,2,0,0,0
1754,1751,1752,-1,6,0,0,0
1755,1753,845,-1,6,0,0,0
1756,1754,1755,-1,6,0,0,0
1757,1190,-1,-1,4,0,0,0
1758,1756,1757,-1,6,0,0,0
1759,3,-1,-1,4,0,0,0
1760,1759,-1,-1,4,0,0,0
1761,1760,-1,-1,4,0,0,0
1762,1761,-1,-1,4,0,0,0
1763,1762,1193,-1,6,0,0,0
1764,601,-1,-1,4,0,0,0
1765,1764,-1,-1,4,0,0,0
1766,1765,-1,-1,4,0,0,0
1767,1766,-1,-1,4,0,0,0
1768,1767,1651,-1,6,0,0,0
1769,104,-1,-1,4,0,0,0
1770,1769,-1,-1,4,0,0,0
1771,1770,-1,-1,4,0,0,0
1772,1771,-1,-1,4,0,0,0
1773,1772,-1,-1,4,0,0,0
1774,1773,1197,-1,4,0,0,0
1775,2,13,-1,2,0,0,0
1776,26,56,-1,7,0,0,0
1777,59,66,-1,7,0,0,0
1778,76,106,-1,2,0,0,0
1779,112,157,-1,6,0,0,0
1780,181,-1,-1,4,0,0,0
1781,1775,1776,-1,4,0,0,0
1782,1777,1778,-1,2,0,0,0
1783,1779,1780,-1,6,0,0,0
1784,276,192,-1,7,0,0,0
1785,262,377,-1,7,0,0,0
1786,416,302,-1,2,0,0,0
1787,388,308,-1,2,0,0,0
1788,419,286,-1,7,0,0,0
1789,1781,1782,-1,6,0,0,0
1790,1783,1784,-1,4,0,0,0
1791,1785,1786,-1,2,0,0,0
1792,1787,1788,-1,4,0,0,0
1793,418,421,-1,6,0,0,0
1794,423,424,-1,7,0,0,0
1795,1789,1790,-1,6,0,0,0
1796,1791,1792,-1,6,0,0,0
1797,1793,1794,-1,4,0,0,0
1798,1795,1796,-1,6,0,0,0
1799,1797,-1,-1,4,0,0,0
1800,1798,1799,-1,6,0,0,0
1801,1206,-1,-1,7,0,0,0
1802,1800,1801,-1,4,0,0,0
1803,6,22,-1,7,0,0,0
1804,29,79,-1,6,0,0,0
1805,107,180,-1,6,0,0,0
1806,1803,1804,-1,2,0,0,0
1807,1805,340,-1,6,0,0,0
1808,327,253,-1,4,0,0,0
1809,1806,1807,-1,6,0,0,0
1810,1808,438,-1,6,0,0,0
1811,439,441,-1,4,0,0,0
1812,1809,1810,-1,6,0,0,0
1813,1811,-1,-1,4,0,0,0
1814,1812,1813,-1,6,0,0,0
1815,748,-1,-1,4,0,0,0
1816,1814,1815,-1,6,0,0,0
1817,1589,-1,-1,7,0,0,0
1818,1816,1817,-1,4,0,0,0
1819,1818,1254,-1,6,0,0,0
1820,497,-1,-1,4,0,0,0
1821,1820,-1,-1,4,0,0,0
1822,1821,-1,-1,4,0,0,0
1823,1822,-1,-1,4,0,0,0
1824,1823,1336,-1,6,0,0,0
1825,48,74,-1,7,0,0,0
1826,93,110,-1,4,0,0,0
1827,121,151,-1,6,0,0,0
1828,154,-1,-1,7,0,0,0
1829,1825,1826,-1,2,0,0,0
1830,1827,1828,-1,4,0,0,0
1831,232,503,-1,7,0,0,0
1832,1829,1830,-1,6,0,0,0
1833,1831,687,-1,7,0,0,0
1834,433,502,-1,7,0,0,0
1835,468,-1,-1,4,0,0,0
1836,1832,1833,-1,4,0,0,0
1837,1834,1835,-1,2,0,0,0
1838,334,728,-1,2,0,0,0
1839,1836,1837,-1,6,0,0,0
1840,1838,778,-1,4,0,0,0
1841,1839,1840,-1,6,0,0,0
1842,1655,-1,-1,4,0,0,0
1843,1841,1842,-1,6,0,0,0
1844,1022,-1,-1,4,0,0,0
1845,1843,1844,-1,6,0,0,0
1846,55,107,-1,6,0,0,0
1847,181,-1,-1,4,0,0,0
1848,1846,1847,-1,6,0,0,0
1849,201,368,-1,6,0,0,0
1850,407,503,-1,6,0,0,0
1851,1848,1849,-1,6,0,0,0
1852,1850,-1,-1,4,0,0,0
1853,1851,1852,-1,6,0,0,0
1854,725,781,-1,6,0,0,0
1855,713,-1,-1,4,0,0,0
1856,1853,1854,-1,6,0,0,0
1857,1855,-1,-1,4,0,0,0
1858,1856,1857,-1,6,0,0,0
1859,1858,1358,-1,6,0,0,0
1860,0,15,-1,2,0,0,0
1861,136,-1,-1,7,0,0,0
1862,1860,1861,-1,4,0,0,0
1863,197,395,-1,6,0,0,0
1864,283,512,-1,2,0,0,0
1865,513,514,-1,6,0,0,0
1866,515,-1,-1,7,0,0,0
1867,1862,1863,-1,6,0,0,0
1868,1864,1865,-1,6,0,0,0
1869,1866,577,-1,7,0,0,0
1870,511,702,-1,7,0,0,0
1871,1867,1868,-1,6,0,0,0
1872,1869,1870,-1,7,0,0,0
1873,829,663,-1,4,0,0,0
1874,734,-1,-1,7,0,0,0
1875,1871,1872,-1,4,0,0,0
1876,1873,1874,-1,4,0,0,0
1877,758,-1,-1,4,0,0,0
1878,1875,1876,-1,6,0,0,0
1879,1877,1363,-1,4,0,0,0
1880,1878,1879,-1,6,0,0,0
1881,38,53,-1,6,0,0,0
1882,1881,351,-1,6,0,0,0
1883,205,209,-1,4,0,0,0
1884,192,197,-1,7,0,0,0
1885,1882,1883,-1,6,0,0,0
1886,1884,332,-1,2,0,0,0
1887,572,-1,-1,7,0,0,0
1888,1885,1886,-1,6,0,0,0
1889,1887,917,-1,7,0,0,0
1890,517,767,-1,7,0,0,0
1891,1888,1889,-1,4,0,0,0
1892,1890,-1,-1,7,0,0,0
1893,1891,1892,-1,4,0,0,0
1894,1602,-1,-1,7,0,0,0
1895,1893,1894,-1,4,0,0,0
1896,790,-1,-1,7,0,0,0
1897,1895,1896,-1,4,0,0,0
1898,18,186,-1,2,0,0,0
1899,1898,385,-1,6,0,0,0
1900,364,284,-1,7,0,0,0
1901,1899,1900,-1,4,0,0,0
1902,418,525,-1,7,0,0,0
1903,1901,1902,-1,4,0,0,0
1904,444,708,-1,7,0,0,0
1905,683,-1,-1,7,0,0,0
1906,1903,1904,-1,4,0,0,0
1907,1905,938,-1,7,0,0,0
1908,794,796,-1,7,0,0,0
1909,1906,1907,-1,4,0,0,0
1910,1908,-1,-1,7,0,0,0
1911,1909,1910,-1,4,0,0,0
1912,1394,-1,-1,7,0,0,0
1913,1911,1912,-1,4,0,0,0
1914,35,68,-1,7,0,0,0
1915,81,138,-1,6,0,0,0
1916,1914,1915,-1,2,0,0,0
1917,340,198,-1,7,0,0,0
1918,397,279,-1,4,0,0,0
1919,527,528,-1,4,0,0,0
1920,445,373,-1,6,0,0,0
1921,313,529,-1,7,0,0,0
1922,530,-1,-1,4,0,0,0
1923,1916,1917,-1,4,0,0,0
1924,1918,1919,-1,6,0,0,0
1925,1920,1921,-1,4,0,0,0
1926,1922,381,-1,4,0,0,0
1927,441,322,-1,2,0,0,0
1928,1923,1924,-1,6,0,0,0
1929,1925,1926,-1,6,0,0,0
1930,1927,739,-1,6,0,0,0
1931,1928,1929,-1,6,0,0,0
1932,1930,-1,-1,4,0,0,0
1933,1931,1932,-1,6,0,0,0
1934,751,-1,-1,7,0,0,0
1935,1933,1934,-1,4,0,0,0
1936,1399,-1,-1,7,0,0,0
1937,1935,1936,-1,4,0,0,0
1938,156,162,-1,2,0,0,0
1939,190,-1,-1,7,0,0,0
1940,1938,1939,-1,4,0,0,0
1941,240,396,-1,7,0,0,0
1942,283,527,-1,7,0,0,0
1943,458,534,-1,2,0,0,0
1944,1940,1941,-1,4,0,0,0
1945,1942,1943,-1,2,0,0,0
1946,673,719,-1,7,0,0,0
1947,753,-1,-1,7,0,0,0
1948,1944,1945,-1,6,0,0,0
1949,1946,1947,-1,7,0,0,0
1950,520,705,-1,4,0,0,0
1951,1948,1949,-1,4,0,0,0
1952,1950,947,-1,4,0,0,0
1953,800,796,-1,2,0,0,0
1954,1951,1952,-1,6,0,0,0
1955,1953,1420,-1,4,0,0,0
1956,1954,1955,-1,6,0,0,0
1957,12,97,-1,6,0,0,0
1958,101,111,-1,2,0,0,0
1959,138,-1,-1,7,0,0,0
1960,1957,1958,-1,6,0,0,0
1961,1959,276,-1,2,0,0,0
1962,228,260,-1,6,0,0,0
1963,223,489,-1,4,0,0,0
1964,1960,1961,-1,6,0,0,0
1965,1962,1963,-1,6,0,0,0
1966,547,-1,-1,4,0,0,0
1967,1964,1965,-1,6,0,0,0
1968,1966,536,-1,4,0,0,0
1969,810,551,-1,4,0,0,0
1970,1967,1968,-1,6,0,0,0
1971,1969,1033,-1,6,0,0,0
1972,1970,1971,-1,6,0,0,0
1973,1363,-1,-1,4,0,0,0
1974,1972,1973,-1,6,0,0,0
1975,1774,-1,-1,4,0,0,0
1976,1974,1975,-1,6,0,0,0
1977,64,116,-1,6,0,0,0
1978,148,173,-1,2,0,0,0
1979,174,189,-1,2,0,0,0
1980,191,-1,-1,4,0,0,0
1981,1977,1978,-1,6,0,0,0
1982,1979,1980,-1,6,0,0,0
1983,335,224,-1,6,0,0,0
1984,356,428,-1,7,0,0,0
1985,1981,1982,-1,6,0,0,0
1986,1983,1984,-1,4,0,0,0
1987,427,353,-1,2,0,0,0
1988,554,-1,-1,4,0,0,0
1989,1985,1986,-1,6,0,0,0
1990,1987,1988,-1,6,0,0,0
1991,819,-1,-1,4,0,0,0
1992,1989,1990,-1,6,0,0,0
1993,1991,1193,-1,6,0,0,0
1994,1992,1993,-1,6,0,0,0
1995,1994,-1,-1,4,0,0,0
1996,1995,1470,-1,6,0,0,0
1997,11,17,-1,6,0,0,0
1998,139,159,-1,6,0,0,0
1999,168,-1,-1,7,0,0,0
2000,1997,1998,-1,6,0,0,0
2001,1999,204,-1,7,0,0,0
2002,327,461,-1,7,0,0,0
2003,358,558,-1,4,0,0,0
2004,2000,2001,-1,4,0,0,0
2005,2002,2003,-1,2,0,0,0
2006,805,-1,-1,7,0,0,0
2007,2004,2005,-1,6,0,0,0
2008,2006,870,-1,7,0,0,0
2009,2007,2008,-1,4,0,0,0
2010,656,-1,-1,7,0,0,0
2011,2009,2010,-1,4,0,0,0
2012,1128,-1,-1,4,0,0,0
2013,2011,2012,-1,6,0,0,0
2014,1824,-1,-1,4,0,0,0
2015,2013,2014,-1,6,0,0,0
2016,31,-1,-1,7,0,0,0
2017,2016,216,-1,2,0,0,0
2018,555,305,-1,6,0,0,0
2019,528,512,-1,6,0,0,0
2020,464,-1,-1,4,0,0,0
2021,2017,2018,-1,6,0,0,0
2022,2019,2020,-1,6,0,0,0
2023,710,406,-1,7,0,0,0
2024,292,700,-1,4,0,0,0
2025,557,456,-1,7,0,0,0
2026,474,-1,-1,4,0,0,0
2027,2021,2022,-1,6,0,0,0
2028,2023,2024,-1,2,0,0,0
2029,2025,2026,-1,2,0,0,0
2030,816,-1,-1,7,0,0,0
2031,2027,2028,-1,6,0,0,0
2032,2029,2030,-1,4,0,0,0
2033,785,794,-1,2,0,0,0
2034,2031,2032,-1,6,0,0,0
2035,2033,1535,-1,6,0,0,0
2036,2034,2035,-1,6,0,0,0
2037,135,-1,-1,4,0,0,0
2038,2037,338,-1,4,0,0,0
2039,223,264,-1,7,0,0,0
2040,360,407,-1,7,0,0,0
2041,2038,2039,-1,4,0,0,0
2042,2040,350,-1,2,0,0,0
2043,2041,2042,-1,6,0,0,0
2044,520,732,-1,2,0,0,0
2045,804,477,-1,7,0,0,0
2046,696,-1,-1,7,0,0,0
2047,2043,2044,-1,6,0,0,0
2048,2045,2046,-1,7,0,0,0
2049,1165,-1,-1,4,0,0,0
2050,2047,2048,-1,4,0,0,0
2051,2049,-1,-1,4,0,0,0
2052,2050,2051,-1,6,0,0,0
2053,1554,-1,-1,7,0,0,0
2054,2052,2053,-1,4,0,0,0
2055,4,32,-1,6,0,0,0
2056,49,183,-1,4,0,0,0
2057,2055,2056,-1,6,0,0,0
2058,305,232,-1,4,0,0,0
2059,504,451,-1,6,0,0,0
2060,2057,2058,-1,6,0,0,0
2061,2059,569,-1,4,0,0,0
2062,481,698,-1,4,0,0,0
2063,2060,2061,-1,6,0,0,0
2064,2062,914,-1,4,0,0,0
2065,587,851,-1,4,0,0,0
2066,2063,2064,-1,6,0,0,0
2067,2065,-1,-1,4,0,0,0
2068,2066,2067,-1,6,0,0,0
2069,2068,-1,-1,4,0,0,0
2070,2069,1768,-1,4,0,0,0
2071,1,75,-1,4,0,0,0
2072,2071,355,-1,4,0,0,0
2073,208,222,-1,7,0,0,0
2074,2072,2073,-1,4,0,0,0
2075,620,249,-1,6,0,0,0
2076,553,807,-1,7,0,0,0
2077,2074,2075,-1,6,0,0,0
2078,2076,725,-1,7,0,0,0
2079,943,487,-1,7,0,0,0
2080,2077,2078,-1,4,0,0,0
2081,2079,-1,-1,7,0,0,0
2082,2080,2081,-1,4,0,0,0
2083,1180,1597,-1,6,0,0,0
2084,2082,2083,-1,6,0,0,0
2085,20,56,-1,6,0,0,0
2086,62,79,-1,2,0,0,0
2087,94,148,-1,4,0,0,0
2088,161,-1,-1,4,0,0,0
2089,2085,2086,-1,6,0,0,0
2090,2087,2088,-1,6,0,0,0
2091,261,256,-1,4,0,0,0
2092,425,-1,-1,4,0,0,0
2093,2089,2090,-1,6,0,0,0
2094,2091,2092,-1,6,0,0,0
2095,590,483,-1,2,0,0,0
2096,532,525,-1,7,0,0,0
2097,554,472,-1,2,0,0,0
2098,2093,2094,-1,6,0,0,0
2099,2095,2096,-1,4,0,0,0
2100,2097,-1,-1,4,0,0,0
2101,2098,2099,-1,6,0,0,0
2102,2100,-1,-1,4,0,0,0
2103,2101,2102,-1,6,0,0,0
2104,1763,-1,-1,7,0,0,0
2105,2103,2104,-1,4,0,0,0
2106,1739,-1,-1,7,0,0,0
2107,2105,2106,-1,4,0,0,0
2108,42,70,-1,7,0,0,0
2109,119,140,-1,4,0,0,0
2110,170,171,-1,7,0,0,0
2111,184,-1,-1,7,0,0,0
2112,2108,2109,-1,2,0,0,0
2113,2110,2111,-1,7,0,0,0
2114,192,194,-1,7,0,0,0
2115,195,196,-1,7,0,0,0
2116,199,200,-1,7,0,0,0
2117,2112,2113,-1,4,0,0,0
2118,2114,2115,-1,7,0,0,0
2119,2116,569,-1,7,0,0,0
2120,574,-1,-1,7,0,0,0
2121,2117,2118,-1,4,0,0,0
2122,2119,2120,-1,7,0,0,0
2123,826,-1,-1,7,0,0,0
2124,2121,2122,-1,4,0,0,0
2125,2123,1103,-1,7,0,0,0
2126,1106,-1,-1,7,0,0,0
2127,2124,2125,-1,4,0,0,0
2128,2126,1589,-1,7,0,0,0
2129,2127,2128,-1,4,0,0,0
2130,851,-1,-1,4,0,0,0
2131,2130,-1,-1,4,0,0,0
2132,2131,1592,-1,6,0,0,0
2133,47,-1,-1,7,0,0,0
2134,2133,226,-1,2,0,0,0
2135,227,228,-1,6,0,0,0
2136,229,215,-1,6,0,0,0
2137,231,232,-1,4,0,0,0
2138,239,-1,-1,4,0,0,0
2139,2134,2135,-1,6,0,0,0
2140,2136,2137,-1,6,0,0,0
2141,2138,594,-1,6,0,0,0
2142,600,237,-1,6,0,0,0
2143,603,609,-1,6,0,0,0
2144,2139,2140,-1,6,0,0,0
2145,2141,2142,-1,6,0,0,0
2146,2143,854,-1,4,0,0,0
2147,862,-1,-1,7,0,0,0
2148,2144,2145,-1,6,0,0,0
2149,2146,2147,-1,4,0,0,0
2150,856,1106,-1,2,0,0,0
2151,2148,2149,-1,6,0,0,0
2152,2150,1602,-1,6,0,0,0
2153,1122,1125,-1,2,0,0,0
2154,2151,2152,-1,6,0,0,0
2155,2153,-1,-1,4,0,0,0
2156,2154,2155,-1,6,0,0,0
2157,275,-1,-1,4,0,0,0
2158,2157,-1,-1,4,0,0,0
2159,2158,-1,-1,4,0,0,0
2160,2159,-1,-1,4,0,0,0
2161,2160,-1,-1,4,0,0,0
2162,2161,1626,-1,6,0,0,0
2163,22,72,-1,2,0,0,0
2164,73,97,-1,2,0,0,0
2165,127,169,-1,6,0,0,0
2166,2163,2164,-1,6,0,0,0
2167,2165,235,-1,6,0,0,0
2168,303,-1,-1,7,0,0,0
2169,2166,2167,-1,6,0,0,0
2170,2168,647,-1,2,0,0,0
2171,652,300,-1,6,0,0,0
2172,653,-1,-1,4,0,0,0
2173,2169,2170,-1,6,0,0,0
2174,2171,2172,-1,6,0,0,0
2175,650,-1,-1,4,0,0,0
2176,2173,2174,-1,6,0,0,0
2177,2175,-1,-1,4,0,0,0
2178,2176,2177,-1,6,0,0,0
2179,2178,1650,-1,6,0,0,0
2180,3,-1,-1,4,0,0,0
2181,2180,-1,-1,4,0,0,0
2182,2181,-1,-1,4,0,0,0
2183,2182,-1,-1,4,0,0,0
2184,2183,-1,-1,4,0,0,0
2185,2184,1655,-1,4,0,0,0
2186,377,-1,-1,4,0,0,0
2187,2186,-1,-1,4,0,0,0
2188,2187,-1,-1,4,0,0,0
2189,2188,-1,-1,4,0,0,0
2190,2189,-1,-1,4,0,0,0
2191,2190,1737,-1,4,0,0,0
2192,81,147,-1,7,0,0,0
2193,165,177,-1,6,0,0,0
2194,2192,2193,-1,2,0,0,0
2195,329,235,-1,7,0,0,0
2196,231,219,-1,4,0,0,0
2197,2194,2195,-1,4,0,0,0
2198,2196,572,-1,4,0,0,0
2199,297,382,-1,6,0,0,0
2200,2197,2198,-1,6,0,0,0
2201,2199,848,-1,4,0,0,0
2202,708,-1,-1,4,0,0,0
2203,2200,2201,-1,6,0,0,0
2204,2202,930,-1,6,0,0,0
2205,2203,2204,-1,6,0,0,0
2206,2205,1739,-1,4,0,0,0
2207,1177,-1,-1,4,0,0,0
2208,2206,2207,-1,6,0,0,0
2209,39,48,-1,2,0,0,0
2210,65,136,-1,7,0,0,0
2211,2209,2210,-1,4,0,0,0
2212,339,394,-1,6,0,0,0
2213,395,396,-1,7,0,0,0
2214,398,359,-1,7,0,0,0
2215,2211,2212,-1,6,0,0,0
2216,2213,2214,-1,7,0,0,0
2217,569,390,-1,4,0,0,0
2218,689,400,-1,6,0,0,0
2219,2215,2216,-1,4,0,0,0
2220,2217,2218,-1,6,0,0,0
2221,922,-1,-1,7,0,0,0
2222,2219,2220,-1,6,0,0,0
2223,2221,-1,-1,7,0,0,0
2224,2222,2223,-1,4,0,0,0
2225,1191,1763,-1,7,0,0,0
2226,2224,2225,-1,4,0,0,0
2227,355,197,-1,7,0,0,0
2228,2227,667,-1,2,0,0,0
2229,660,-1,-1,4,0,0,0
2230,2228,2229,-1,6,0,0,0
2231,728,730,-1,7,0,0,0
2232,2230,2231,-1,4,0,0,0
2233,845,938,-1,7,0,0,0
2234,947,951,-1,4,0,0,0
2235,2232,2233,-1,4,0,0,0
2236,2234,-1,-1,4,0,0,0
2237,2235,2236,-1,6,0,0,0
2238,2237,1768,-1,4,0,0,0
2239,8,21,-1,7,0,0,0
2240,25,93,-1,2,0,0,0
2241,141,142,-1,7,0,0,0
2242,168,-1,-1,7,0,0,0
2243,2239,2240,-1,2,0,0,0
2244,2241,2242,-1,7,0,0,0
2245,227,261,-1,4,0,0,0
2246,407,-1,-1,7,0,0,0
2247,2243,2244,-1,4,0,0,0
2248,2245,2246,-1,4,0,0,0
2249,583,406,-1,6,0,0,0
2250,409,411,-1,4,0,0,0
2251,2247,2248,-1,6,0,0,0
2252,2249,2250,-1,6,0,0,0
2253,923,734,-1,4,0,0,0
2254,2251,2252,-1,6,0,0,0
2255,2253,941,-1,6,0,0,0
2256,954,-1,-1,7,0,0,0
2257,2254,2255,-1,6,0,0,0
2258,2256,1202,-1,7,0,0,0
2259,2257,2258,-1,4,0,0,0
2260,1774,-1,-1,4,0,0,0
2261,2259,2260,-1,6,0,0,0
2262,25,137,-1,7,0,0,0
2263,2262,214,-1,7,0,0,0
2264,194,304,-1,6,0,0,0
2265,488,489,-1,6,0,0,0
2266,2263,2264,-1,2,0,0,0
2267,2265,635,-1,4,0,0,0
2268,367,652,-1,4,0,0,0
2269,491,493,-1,4,0,0,0
2270,429,494,-1,4,0,0,0
2271,769,-1,-1,4,0,0,0
2272,2266,2267,-1,6,0,0,0
2273,2268,2269,-1,6,0,0,0
2274,2270,2271,-1,6,0,0,0
2275,334,745,-1,6,0,0,0
2276,2272,2273,-1,6,0,0,0
2277,2274,2275,-1,6,0,0,0
2278,2276,2277,-1,6,0,0,0
2279,2278,-1,-1,4,0,0,0
2280,2279,2191,-1,4,0,0,0
2281,0,91,-1,4,0,0,0
2282,138,173,-1,7,0,0,0
2283,2281,2282,-1,4,0,0,0
2284,243,351,-1,6,0,0,0
2285,391,365,-1,6,0,0,0
2286,224,452,-1,4,0,0,0
2287,2283,2284,-1,6,0,0,0
2288,2285,2286,-1,6,0,0,0
2289,406,526,-1,2,0,0,0
2290,485,668,-1,6,0,0,0
2291,2287,2288,-1,6,0,0,0
2292,2289,2290,-1,6,0,0,0
2293,450,804,-1,6,0,0,0
2294,2291,2292,-1,6,0,0,0
2295,2293,778,-1,4,0,0,0
2296,2294,2295,-1,6,0,0,0
2297,2296,2132,-1,6,0,0,0
2298,28,29,-1,4,0,0,0
2299,87,92,-1,7,0,0,0
2300,144,150,-1,6,0,0,0
2301,2298,2299,-1,4,0,0,0
2302,2300,221,-1,4,0,0,0
2303,555,446,-1,4,0,0,0
2304,2301,2302,-1,6,0,0,0
2305,2303,353,-1,4,0,0,0
2306,371,-1,-1,7,0,0,0
2307,2304,2305,-1,6,0,0,0
2308,2306,781,-1,7,0,0,0
2309,562,824,-1,7,0,0,0
2310,2307,2308,-1,4,0,0,0
2311,2309,951,-1,2,0,0,0
2312,2310,2311,-1,6,0,0,0
2313,2312,1554,-1,4,0,0,0
2314,2185,-1,-1,4,0,0,0
2315,2313,2314,-1,6,0,0,0
2316,25,58,-1,7,0,0,0
2317,131,160,-1,6,0,0,0
2318,182,-1,-1,4,0,0,0
2319,2316,2317,-1,2,0,0,0
2320,2318,215,-1,6,0,0,0
2321,219,220,-1,7,0,0,0
2322,2319,2320,-1,6,0,0,0
2323,2321,-1,-1,7,0,0,0
2324,2322,2323,-1,4,0,0,0
2325,840,842,-1,7,0,0,0
2326,588,-1,-1,7,0,0,0
2327,2324,2325,-1,4,0,0,0
2328,2326,845,-1,7,0,0,0
2329,2327,2328,-1,4,0,0,0
2330,1597,-1,-1,4,0,0,0
2331,2329,2330,-1,6,0,0,0
2332,2132,-1,-1,7,0,0,0
2333,2331,2332,-1,4,0,0,0
2334,274,-1,-1,4,0,0,0
2335,2334,-1,-1,4,0,0,0
2336,2335,-1,-1,4,0,0,0
2337,2336,-1,-1,4,0,0,0
2338,2337,-1,-1,4,0,0,0
2339,2338,-1,-1,4,0,0,0
2340,2339,2162,-1,4,0,0,0
2341,90,114,-1,6,0,0,0
2342,126,141,-1,2,0,0,0
2343,162,177,-1,6,0,0,0
2344,2341,2342,-1,6,0,0,0
2345,2343,241,-1,6,0,0,0
2346,240,-1,-1,4,0,0,0
2347,2344,2345,-1,6,0,0,0
2348,2346,332,-1,4,0,0,0
2349,678,-1,-1,7,0,0,0
2350,2347,2348,-1,6,0,0,0
2351,2349,854,-1,7,0,0,0
2352,676,915,-1,7,0,0,0
2353,2350,2351,-1,4,0,0,0
2354,2352,671,-1,2,0,0,0
2355,1154,-1,-1,7,0,0,0
2356,2353,2354,-1,6,0,0,0
2357,2355,-1,-1,7,0,0,0
2358,2356,2357,-1,4,0,0,0
2359,1651,2185,-1,2,0,0,0
2360,2358,2359,-1,6,0,0,0
2361,41,44,-1,6,0,0,0
2362,55,97,-1,6,0,0,0
2363,153,164,-1,7,0,0,0
2364,174,186,-1,4,0,0,0
2365,2361,2362,-1,6,0,0,0
2366,2363,2364,-1,2,0,0,0
2367,360,376,-1,2,0,0,0
2368,2365,2366,-1,6,0,0,0
2369,2367,371,-1,4,0,0,0
2370,700,702,-1,4,0,0,0
2371,2368,2369,-1,6,0,0,0
2372,2370,914,-1,4,0,0,0
2373,705,-1,-1,7,0,0,0
2374,2371,2372,-1,6,0,0,0
2375,2373,-1,-1,7,0,0,0
2376,2374,2375,-1,4,0,0,0
2377,2376,-1,-1,4,0,0,0
2378,2377,2191,-1,4,0,0,0
2379,38,55,-1,2,0,0,0
2380,58,68,-1,7,0,0,0
2381,71,121,-1,2,0,0,0
2382,132,178,-1,2,0,0,0
2383,2379,2380,-1,4,0,0,0
2384,2381,2382,-1,6,0,0,0
2385,496,500,-1,2,0,0,0
2386,2383,2384,-1,6,0,0,0
2387,2385,-1,-1,4,0,0,0
2388,2386,2387,-1,6,0,0,0
2389,761,-1,-1,4,0,0,0
2390,2388,2389,-1,6,0,0,0
2391,2390,-1,-1,4,0,0,0
2392,2391,1824,-1,4,0,0,0
2393,2392,-1,-1,4,0,0,0
2394,2393,2340,-1,6,0,0,0
2395,0,24,-1,6,0,0,0
2396,133,140,-1,6,0,0,0
2397,2395,2396,-1,6,0,0,0
2398,264,265,-1,6,0,0,0
2399,268,269,-1,2,0,0,0
2400,2397,2398,-1,6,0,0,0
2401,2399,571,-1,4,0,0,0
2402,627,237,-1,4,0,0,0
2403,2400,2401,-1,6,0,0,0
2404,2402,630,-1,6,0,0,0
2405,870,-1,-1,4,0,0,0
2406,2403,2404,-1,6,0,0,0
2407,2405,-1,-1,4,0,0,0
2408,2406,2407,-1,6,0,0,0
2409,2408,-1,-1,4,0,0,0
2410,2409,-1,-1,4,0,0,0
2411,2410,2340,-1,6,0,0,0
