1821,1845,2252,2279,1876,1901,1920,2303,2474,1950,1153,1971,1995,2328,2016,1201,2349,2037,2365,1233,884,1252,2385,2069,1285,2491,1314,2504,2096,2112,1342,2131,2146,2165,1372,2190,1390,1409,1423,998,1446,1470,1493,1520,1546,2212,1572,1025,2230,1593,1612,1627,2411,1652,1673,1052,2429,1703,1722,1747,1769,1792,657,2453
192,135,169,-1,6,0,0,0
193,48,176,-1,6,0,0,0
194,22,86,-1,6,0,0,0
195,73,95,-1,6,0,0,0
196,115,162,-1,6,0,0,0
197,0,159,-1,4,0,0,0
198,80,84,-1,6,0,0,0
199,89,112,-1,6,0,0,0
200,62,190,-1,6,0,0,0
201,13,43,-1,6,0,0,0
202,64,101,-1,6,0,0,0
203,2,130,-1,6,0,0,0
204,92,141,-1,6,0,0,0
205,54,67,-1,6,0,0,0
206,125,189,-1,6,0,0,0
207,97,108,-1,4,0,0,0
208,41,85,-1,6,0,0,0
209,32,160,-1,6,0,0,0
210,42,65,-1,6,0,0,0
211,19,83,-1,6,0,0,0
212,51,178,-1,4,0,0,0
213,1,10,-1,4,0,0,0
214,61,-1,-1,4,0,0,0
215,214,206,-1,6,0,0,0
216,105,107,-1,4,0,0,0
217,52,93,-1,6,0,0,0
218,17,41,-1,6,0,0,0
219,24,191,-1,6,0,0,0
220,101,110,-1,6,0,0,0
221,165,174,-1,6,0,0,0
222,79,143,-1,6,0,0,0
223,65,129,-1,6,0,0,0
224,35,99,-1,6,0,0,0
225,161,183,-1,6,0,0,0
226,127,182,-1,6,0,0,0
227,29,46,-1,6,0,0,0
228,25,31,-1,6,0,0,0
229,106,146,-1,6,0,0,0
230,39,103,-1,6,0,0,0
231,57,74,-1,6,0,0,0
232,42,49,-1,6,0,0,0
233,172,188,-1,6,0,0,0
234,9,137,-1,6,0,0,0
235,147,-1,-1,4,0,0,0
236,235,211,-1,6,0,0,0
237,27,139,-1,6,0,0,0
238,24,88,-1,6,0,0,0
239,5,159,-1,6,0,0,0
240,86,150,-1,6,0,0,0
241,50,162,-1,4,0,0,0
242,113,116,-1,6,0,0,0
243,43,171,-1,6,0,0,0
244,17,33,-1,6,0,0,0
245,82,115,-1,6,0,0,0
246,52,180,-1,6,0,0,0
247,160,-1,-1,4,0,0,0
248,247,213,-1,6,0,0,0
249,45,142,-1,6,0,0,0
250,126,178,-1,6,0,0,0
251,58,186,-1,6,0,0,0
252,23,151,-1,6,0,0,0
253,96,160,-1,6,0,0,0
254,30,158,-1,6,0,0,0
255,45,173,-1,6,0,0,0
256,18,114,-1,4,0,0,0
257,67,70,-1,4,0,0,0
258,59,187,-1,6,0,0,0
259,73,-1,-1,4,0,0,0
260,259,234,-1,6,0,0,0
261,3,20,-1,6,0,0,0
262,47,159,-1,6,0,0,0
263,88,117,-1,6,0,0,0
264,112,-1,-1,4,0,0,0
265,264,194,-1,6,0,0,0
266,161,188,-1,6,0,0,0
267,166,175,-1,6,0,0,0
268,24,152,-1,6,0,0,0
269,55,123,-1,6,0,0,0
270,34,51,-1,6,0,0,0
271,5,69,-1,6,0,0,0
272,133,167,-1,4,0,0,0
273,57,121,-1,6,0,0,0
274,89,153,-1,6,0,0,0
275,44,148,-1,4,0,0,0
276,31,56,-1,6,0,0,0
277,66,81,-1,6,0,0,0
278,151,154,-1,6,0,0,0
279,182,-1,-1,4,0,0,0
280,279,223,-1,6,0,0,0
281,6,136,-1,6,0,0,0
282,55,145,-1,6,0,0,0
283,106,112,-1,6,0,0,0
284,75,139,-1,6,0,0,0
285,96,191,-1,6,0,0,0
286,34,146,-1,6,0,0,0
287,21,149,-1,6,0,0,0
288,158,181,-1,6,0,0,0
289,7,41,-1,6,0,0,0
290,11,20,-1,6,0,0,0
291,14,176,-1,4,0,0,0
292,18,51,-1,6,0,0,0
293,17,183,-1,6,0,0,0
294,28,80,-1,6,0,0,0
295,36,164,-1,6,0,0,0
296,149,173,-1,6,0,0,0
297,2,75,-1,6,0,0,0
298,8,24,-1,6,0,0,0
299,62,167,-1,6,0,0,0
300,87,106,-1,6,0,0,0
301,95,113,-1,4,0,0,0
302,73,111,-1,4,0,0,0
303,14,85,-1,6,0,0,0
304,78,142,-1,6,0,0,0
305,170,177,-1,6,0,0,0
306,165,-1,-1,4,0,0,0
307,306,274,-1,4,0,0,0
308,75,91,-1,6,0,0,0
309,63,191,-1,6,0,0,0
310,71,85,-1,4,0,0,0
311,29,72,-1,4,0,0,0
312,83,147,-1,6,0,0,0
313,143,148,-1,6,0,0,0
314,102,155,-1,6,0,0,0
315,3,39,-1,6,0,0,0
316,116,117,-1,4,0,0,0
317,67,-1,-1,4,0,0,0
318,317,-1,-1,4,0,0,0
319,318,215,-1,6,0,0,0
320,118,182,-1,6,0,0,0
321,32,172,-1,6,0,0,0
322,40,-1,-1,4,0,0,0
323,322,286,-1,4,0,0,0
324,10,180,-1,6,0,0,0
325,71,-1,-1,4,0,0,0
326,325,200,-1,6,0,0,0
327,108,109,-1,4,0,0,0
328,95,113,-1,6,0,0,0
329,124,175,-1,6,0,0,0
330,47,54,-1,6,0,0,0
331,68,132,-1,6,0,0,0
332,64,117,-1,6,0,0,0
333,110,121,-1,4,0,0,0
334,3,131,-1,6,0,0,0
335,51,144,-1,6,0,0,0
336,81,92,-1,4,0,0,0
337,120,-1,-1,4,0,0,0
338,337,310,-1,6,0,0,0
339,25,-1,-1,4,0,0,0
340,339,211,-1,6,0,0,0
341,1,4,-1,6,0,0,0
342,59,-1,-1,4,0,0,0
343,342,244,-1,6,0,0,0
344,53,181,-1,6,0,0,0
345,46,110,-1,6,0,0,0
346,28,-1,-1,4,0,0,0
347,346,224,-1,4,0,0,0
348,100,141,-1,6,0,0,0
349,153,-1,-1,4,0,0,0
350,349,222,-1,4,0,0,0
351,15,90,-1,6,0,0,0
352,16,144,-1,6,0,0,0
353,246,320,-1,4,0,0,0
354,103,179,-1,6,0,0,0
355,96,-1,-1,4,0,0,0
356,355,272,-1,6,0,0,0
357,91,-1,-1,4,0,0,0
358,357,305,-1,6,0,0,0
359,108,146,-1,6,0,0,0
360,105,-1,-1,4,0,0,0
361,360,192,-1,6,0,0,0
362,4,165,-1,6,0,0,0
363,77,99,-1,4,0,0,0
364,29,-1,-1,4,0,0,0
365,364,-1,-1,4,0,0,0
366,365,260,-1,6,0,0,0
367,125,-1,-1,4,0,0,0
368,367,333,-1,6,0,0,0
369,156,158,-1,6,0,0,0
370,222,-1,-1,4,0,0,0
371,370,361,-1,6,0,0,0
372,14,26,-1,6,0,0,0
373,78,164,-1,6,0,0,0
374,80,-1,-1,4,0,0,0
375,374,321,-1,6,0,0,0
376,45,70,-1,6,0,0,0
377,115,-1,-1,4,0,0,0
378,377,206,-1,6,0,0,0
379,107,113,-1,4,0,0,0
380,12,-1,-1,4,0,0,0
381,380,268,-1,4,0,0,0
382,13,77,-1,6,0,0,0
383,116,141,-1,6,0,0,0
384,168,185,-1,6,0,0,0
385,37,101,-1,6,0,0,0
386,88,92,-1,4,0,0,0
387,93,157,-1,6,0,0,0
388,26,61,-1,4,0,0,0
389,125,-1,-1,4,0,0,0
390,389,192,-1,6,0,0,0
391,167,-1,-1,4,0,0,0
392,391,230,-1,6,0,0,0
393,72,101,-1,4,0,0,0
394,20,184,-1,6,0,0,0
395,22,34,-1,6,0,0,0
396,71,144,-1,6,0,0,0
397,60,152,-1,6,0,0,0
398,50,90,-1,4,0,0,0
399,15,40,-1,6,0,0,0
400,21,39,-1,4,0,0,0
401,12,62,-1,6,0,0,0
402,67,81,-1,6,0,0,0
403,94,97,-1,6,0,0,0
404,76,-1,-1,4,0,0,0
405,404,310,-1,4,0,0,0
406,211,245,-1,6,0,0,0
407,224,301,-1,6,0,0,0
408,8,136,-1,6,0,0,0
409,44,68,-1,6,0,0,0
410,40,133,-1,6,0,0,0
411,87,94,-1,6,0,0,0
412,64,120,-1,6,0,0,0
413,7,56,-1,6,0,0,0
414,48,-1,-1,4,0,0,0
415,414,252,-1,6,0,0,0
416,93,-1,-1,4,0,0,0
417,416,271,-1,4,0,0,0
418,2,184,-1,6,0,0,0
419,18,147,-1,6,0,0,0
420,22,-1,-1,4,0,0,0
421,420,311,-1,6,0,0,0
422,154,-1,-1,4,0,0,0
423,422,294,-1,6,0,0,0
424,13,190,-1,6,0,0,0
425,129,138,-1,4,0,0,0
426,171,-1,-1,4,0,0,0
427,426,324,-1,6,0,0,0
428,52,132,-1,6,0,0,0
429,66,114,-1,4,0,0,0
430,38,183,-1,6,0,0,0
431,24,63,-1,4,0,0,0
432,8,176,-1,6,0,0,0
433,172,-1,-1,4,0,0,0
434,433,287,-1,6,0,0,0
435,43,-1,-1,4,0,0,0
436,435,385,-1,4,0,0,0
437,51,105,-1,6,0,0,0
438,232,352,-1,6,0,0,0
439,35,-1,-1,4,0,0,0
440,439,200,-1,6,0,0,0
441,55,88,-1,6,0,0,0
442,314,430,-1,6,0,0,0
443,38,50,-1,6,0,0,0
444,57,166,-1,6,0,0,0
445,0,-1,-1,4,0,0,0
446,445,-1,-1,4,0,0,0
447,446,381,-1,4,0,0,0
448,46,53,-1,6,0,0,0
449,169,178,-1,6,0,0,0
450,37,62,-1,6,0,0,0
451,6,-1,-1,4,0,0,0
452,451,192,-1,6,0,0,0
453,98,128,-1,4,0,0,0
454,162,-1,-1,4,0,0,0
455,454,-1,-1,4,0,0,0
456,455,236,-1,6,0,0,0
457,197,-1,-1,7,0,0,0
458,457,436,-1,2,0,0,0
459,33,150,-1,4,0,0,0
460,27,-1,-1,4,0,0,0
461,460,304,-1,6,0,0,0
462,118,-1,-1,4,0,0,0
463,462,330,-1,6,0,0,0
464,127,-1,-1,4,0,0,0
465,464,287,-1,6,0,0,0
466,11,-1,-1,4,0,0,0
467,466,303,-1,6,0,0,0
468,135,-1,-1,4,0,0,0
469,468,309,-1,6,0,0,0
470,302,269,-1,4,0,0,0
471,344,362,-1,4,0,0,0
472,13,-1,-1,4,0,0,0
473,472,372,-1,6,0,0,0
474,42,90,-1,6,0,0,0
475,103,154,-1,6,0,0,0
476,168,-1,-1,4,0,0,0
477,476,309,-1,6,0,0,0
478,175,-1,-1,4,0,0,0
479,478,203,-1,4,0,0,0
480,124,-1,-1,4,0,0,0
481,480,-1,-1,4,0,0,0
482,481,381,-1,4,0,0,0
483,332,411,-1,6,0,0,0
484,16,177,-1,6,0,0,0
485,21,35,-1,6,0,0,0
486,88,109,-1,4,0,0,0
487,99,149,-1,6,0,0,0
488,245,274,-1,6,0,0,0
489,257,278,-1,4,0,0,0
490,212,-1,-1,4,0,0,0
491,490,236,-1,6,0,0,0
492,45,116,-1,6,0,0,0
493,6,26,-1,6,0,0,0
494,41,-1,-1,4,0,0,0
495,494,486,-1,6,0,0,0
496,309,282,-1,6,0,0,0
497,96,127,-1,4,0,0,0
498,95,126,-1,6,0,0,0
499,258,334,-1,6,0,0,0
500,123,-1,-1,4,0,0,0
501,500,207,-1,6,0,0,0
502,88,157,-1,6,0,0,0
503,29,179,-1,4,0,0,0
504,0,60,-1,6,0,0,0
505,39,189,-1,6,0,0,0
506,80,174,-1,6,0,0,0
507,140,179,-1,4,0,0,0
508,387,213,-1,6,0,0,0
509,63,95,-1,6,0,0,0
510,134,188,-1,6,0,0,0
511,193,504,-1,6,0,0,0
512,35,163,-1,6,0,0,0
513,61,122,-1,6,0,0,0
514,77,-1,-1,4,0,0,0
515,514,273,-1,6,0,0,0
516,79,190,-1,6,0,0,0
517,134,-1,-1,4,0,0,0
518,517,275,-1,6,0,0,0
519,165,-1,-1,4,0,0,0
520,519,255,-1,6,0,0,0
521,180,-1,-1,4,0,0,0
522,521,297,-1,6,0,0,0
523,9,-1,-1,4,0,0,0
524,523,276,-1,6,0,0,0
525,20,84,-1,6,0,0,0
526,54,-1,-1,4,0,0,0
527,526,-1,-1,4,0,0,0
528,527,-1,-1,4,0,0,0
529,528,491,-1,6,0,0,0
530,143,-1,-1,4,0,0,0
531,530,400,-1,6,0,0,0
532,44,-1,-1,4,0,0,0
533,532,413,-1,6,0,0,0
534,206,290,-1,6,0,0,0
535,311,506,-1,6,0,0,0
536,5,104,-1,6,0,0,0
537,69,-1,-1,4,0,0,0
538,537,255,-1,6,0,0,0
539,330,250,-1,4,0,0,0
540,59,154,-1,4,0,0,0
541,241,287,-1,6,0,0,0
542,71,172,-1,6,0,0,0
543,11,-1,-1,4,0,0,0
544,543,227,-1,6,0,0,0
545,7,153,-1,6,0,0,0
546,23,63,-1,6,0,0,0
547,70,101,-1,6,0,0,0
548,102,108,-1,4,0,0,0
549,14,58,-1,6,0,0,0
550,169,-1,-1,4,0,0,0
551,550,237,-1,6,0,0,0
552,60,-1,-1,4,0,0,0
553,552,292,-1,6,0,0,0
554,87,-1,-1,4,0,0,0
555,554,345,-1,4,0,0,0
556,16,59,-1,6,0,0,0
557,106,113,-1,6,0,0,0
558,25,126,-1,6,0,0,0
559,185,-1,-1,4,0,0,0
560,559,212,-1,4,0,0,0
561,23,-1,-1,4,0,0,0
562,561,232,-1,6,0,0,0
563,128,-1,-1,4,0,0,0
564,563,411,-1,6,0,0,0
565,181,-1,-1,4,0,0,0
566,565,-1,-1,4,0,0,0
567,566,483,-1,6,0,0,0
568,86,-1,-1,4,0,0,0
569,568,383,-1,4,0,0,0
570,25,-1,-1,4,0,0,0
571,570,283,-1,6,0,0,0
572,7,135,-1,6,0,0,0
573,144,-1,-1,4,0,0,0
574,573,510,-1,6,0,0,0
575,29,187,-1,6,0,0,0
576,89,119,-1,6,0,0,0
577,5,10,-1,6,0,0,0
578,79,-1,-1,4,0,0,0
579,578,398,-1,4,0,0,0
580,70,-1,-1,4,0,0,0
581,580,255,-1,6,0,0,0
582,382,-1,-1,4,0,0,0
583,582,392,-1,4,0,0,0
584,16,145,-1,4,0,0,0
585,50,64,-1,4,0,0,0
586,182,-1,-1,4,0,0,0
587,586,192,-1,6,0,0,0
588,216,354,-1,6,0,0,0
589,159,-1,-1,4,0,0,0
590,589,308,-1,6,0,0,0
591,196,-1,-1,4,0,0,0
592,591,553,-1,6,0,0,0
593,157,174,-1,6,0,0,0
594,382,-1,-1,4,0,0,0
595,594,381,-1,6,0,0,0
596,41,-1,-1,4,0,0,0
597,596,251,-1,6,0,0,0
598,57,156,-1,6,0,0,0
599,119,-1,-1,4,0,0,0
600,599,453,-1,6,0,0,0
601,130,186,-1,6,0,0,0
602,425,-1,-1,4,0,0,0
603,602,496,-1,6,0,0,0
604,151,-1,-1,4,0,0,0
605,604,305,-1,6,0,0,0
606,3,12,-1,6,0,0,0
607,109,122,-1,6,0,0,0
608,548,393,-1,6,0,0,0
609,212,459,-1,6,0,0,0
610,80,184,-1,6,0,0,0
611,42,77,-1,6,0,0,0
612,68,-1,-1,4,0,0,0
613,612,216,-1,6,0,0,0
614,100,157,-1,6,0,0,0
615,145,-1,-1,4,0,0,0
616,615,429,-1,6,0,0,0
617,104,-1,-1,4,0,0,0
618,617,222,-1,6,0,0,0
619,61,111,-1,6,0,0,0
620,183,-1,-1,4,0,0,0
621,620,-1,-1,4,0,0,0
622,621,479,-1,6,0,0,0
623,12,-1,-1,4,0,0,0
624,623,294,-1,6,0,0,0
625,49,-1,-1,4,0,0,0
626,625,251,-1,6,0,0,0
627,223,345,-1,6,0,0,0
628,27,47,-1,6,0,0,0
629,38,-1,-1,4,0,0,0
630,629,344,-1,6,0,0,0
631,32,128,-1,6,0,0,0
632,134,142,-1,6,0,0,0
633,11,65,-1,6,0,0,0
634,85,87,-1,6,0,0,0
635,124,133,-1,6,0,0,0
636,177,191,-1,6,0,0,0
637,121,131,-1,6,0,0,0
638,336,387,-1,6,0,0,0
639,64,116,-1,2,0,0,0
640,122,127,-1,4,0,0,0
641,128,131,-1,2,0,0,0
642,639,640,-1,6,0,0,0
643,641,304,-1,6,0,0,0
644,288,619,-1,2,0,0,0
645,198,593,-1,4,0,0,0
646,636,-1,-1,7,0,0,0
647,642,643,-1,6,0,0,0
648,644,645,-1,6,0,0,0
649,646,467,-1,2,0,0,0
650,590,627,-1,4,0,0,0
651,442,-1,-1,4,0,0,0
652,647,648,-1,6,0,0,0
653,649,650,-1,6,0,0,0
654,651,-1,-1,4,0,0,0
655,652,653,-1,6,0,0,0
656,654,-1,-1,4,0,0,0
657,655,656,-1,6,0,0,0
658,150,-1,-1,4,0,0,0
659,658,194,-1,6,0,0,0
660,10,-1,-1,4,0,0,0
661,660,200,-1,6,0,0,0
662,126,-1,-1,4,0,0,0
663,662,203,-1,4,0,0,0
664,119,-1,-1,4,0,0,0
665,664,205,-1,6,0,0,0
666,69,-1,-1,4,0,0,0
667,666,206,-1,6,0,0,0
668,207,208,-1,6,0,0,0
669,209,210,-1,4,0,0,0
670,171,-1,-1,4,0,0,0
671,670,216,-1,4,0,0,0
672,166,-1,-1,4,0,0,0
673,672,222,-1,6,0,0,0
674,163,-1,-1,4,0,0,0
675,674,224,-1,6,0,0,0
676,225,226,-1,6,0,0,0
677,141,-1,-1,4,0,0,0
678,677,228,-1,4,0,0,0
679,230,231,-1,6,0,0,0
680,155,-1,-1,4,0,0,0
681,680,232,-1,6,0,0,0
682,74,-1,-1,4,0,0,0
683,682,240,-1,6,0,0,0
684,91,-1,-1,4,0,0,0
685,684,241,-1,6,0,0,0
686,200,243,-1,6,0,0,0
687,40,-1,-1,4,0,0,0
688,687,244,-1,4,0,0,0
689,98,-1,-1,4,0,0,0
690,689,245,-1,6,0,0,0
691,31,-1,-1,4,0,0,0
692,691,246,-1,6,0,0,0
693,81,-1,-1,4,0,0,0
694,693,249,-1,6,0,0,0
695,122,-1,-1,4,0,0,0
696,695,251,-1,6,0,0,0
697,170,-1,-1,4,0,0,0
698,697,254,-1,6,0,0,0
699,255,256,-1,4,0,0,0
700,6,-1,-1,4,0,0,0
701,700,257,-1,4,0,0,0
702,37,-1,-1,4,0,0,0
703,702,258,-1,4,0,0,0
704,97,-1,-1,4,0,0,0
705,704,268,-1,6,0,0,0
706,119,-1,-1,4,0,0,0
707,706,269,-1,6,0,0,0
708,42,-1,-1,4,0,0,0
709,708,270,-1,4,0,0,0
710,193,271,-1,6,0,0,0
711,272,230,-1,4,0,0,0
712,15,-1,-1,4,0,0,0
713,712,275,-1,4,0,0,0
714,19,-1,-1,4,0,0,0
715,714,282,-1,6,0,0,0
716,54,-1,-1,4,0,0,0
717,716,283,-1,6,0,0,0
718,82,-1,-1,4,0,0,0
719,718,286,-1,6,0,0,0
720,155,-1,-1,4,0,0,0
721,720,287,-1,6,0,0,0
722,170,-1,-1,4,0,0,0
723,722,288,-1,6,0,0,0
724,71,-1,-1,4,0,0,0
725,724,289,-1,6,0,0,0
726,292,293,-1,4,0,0,0
727,100,-1,-1,4,0,0,0
728,727,295,-1,6,0,0,0
729,72,-1,-1,4,0,0,0
730,729,300,-1,6,0,0,0
731,1,-1,-1,4,0,0,0
732,731,301,-1,4,0,0,0
733,302,234,-1,6,0,0,0
734,66,-1,-1,4,0,0,0
735,734,304,-1,6,0,0,0
736,159,-1,-1,4,0,0,0
737,736,305,-1,4,0,0,0
738,166,-1,-1,4,0,0,0
739,738,310,-1,4,0,0,0
740,9,-1,-1,4,0,0,0
741,740,311,-1,6,0,0,0
742,149,-1,-1,4,0,0,0
743,742,314,-1,6,0,0,0
744,78,-1,-1,4,0,0,0
745,744,316,-1,6,0,0,0
746,237,-1,-1,4,0,0,0
747,746,-1,-1,4,0,0,0
748,747,319,-1,6,0,0,0
749,321,253,-1,6,0,0,0
750,120,-1,-1,4,0,0,0
751,750,327,-1,6,0,0,0
752,44,-1,-1,4,0,0,0
753,752,331,-1,6,0,0,0
754,58,-1,-1,4,0,0,0
755,754,-1,-1,4,0,0,0
756,755,699,-1,4,0,0,0
757,332,-1,-1,4,0,0,0
758,757,690,-1,6,0,0,0
759,104,-1,-1,4,0,0,0
760,759,333,-1,4,0,0,0
761,56,-1,-1,4,0,0,0
762,761,334,-1,4,0,0,0
763,124,-1,-1,4,0,0,0
764,763,336,-1,4,0,0,0
765,122,-1,-1,4,0,0,0
766,765,-1,-1,4,0,0,0
767,766,340,-1,6,0,0,0
768,134,-1,-1,4,0,0,0
769,768,341,-1,6,0,0,0
770,155,-1,-1,4,0,0,0
771,770,-1,-1,4,0,0,0
772,771,343,-1,6,0,0,0
773,344,345,-1,6,0,0,0
774,199,-1,-1,4,0,0,0
775,774,347,-1,6,0,0,0
776,191,-1,-1,4,0,0,0
777,776,348,-1,4,0,0,0
778,225,-1,-1,4,0,0,0
779,778,707,-1,6,0,0,0
780,232,352,-1,4,0,0,0
781,115,-1,-1,4,0,0,0
782,781,-1,-1,4,0,0,0
783,782,361,-1,6,0,0,0
784,184,-1,-1,4,0,0,0
785,784,-1,-1,4,0,0,0
786,785,675,-1,4,0,0,0
787,189,-1,-1,4,0,0,0
788,787,362,-1,6,0,0,0
789,117,-1,-1,4,0,0,0
790,789,-1,-1,4,0,0,0
791,790,713,-1,6,0,0,0
792,320,363,-1,6,0,0,0
793,372,-1,-1,4,0,0,0
794,793,326,-1,4,0,0,0
795,217,373,-1,4,0,0,0
796,175,-1,-1,4,0,0,0
797,796,-1,-1,4,0,0,0
798,797,728,-1,6,0,0,0
799,187,-1,-1,4,0,0,0
800,799,379,-1,6,0,0,0
801,382,273,-1,6,0,0,0
802,383,384,-1,6,0,0,0
803,385,283,-1,4,0,0,0
804,66,-1,-1,4,0,0,0
805,804,387,-1,6,0,0,0
806,258,-1,-1,4,0,0,0
807,806,392,-1,6,0,0,0
808,393,386,-1,6,0,0,0
809,207,397,-1,6,0,0,0
810,398,-1,-1,7,0,0,0
811,810,671,-1,2,0,0,0
812,114,-1,-1,4,0,0,0
813,812,-1,-1,4,0,0,0
814,813,405,-1,6,0,0,0
815,252,408,-1,6,0,0,0
816,60,-1,-1,4,0,0,0
817,816,-1,-1,4,0,0,0
818,817,698,-1,6,0,0,0
819,301,-1,-1,4,0,0,0
820,819,764,-1,6,0,0,0
821,411,412,-1,6,0,0,0
822,413,298,-1,6,0,0,0
823,130,-1,-1,4,0,0,0
824,823,-1,-1,4,0,0,0
825,824,701,-1,6,0,0,0
826,118,-1,-1,4,0,0,0
827,826,-1,-1,4,0,0,0
828,827,417,-1,6,0,0,0
829,74,-1,-1,4,0,0,0
830,829,-1,-1,4,0,0,0
831,830,749,-1,6,0,0,0
832,94,-1,-1,4,0,0,0
833,832,-1,-1,4,0,0,0
834,833,423,-1,6,0,0,0
835,146,-1,-1,4,0,0,0
836,835,424,-1,6,0,0,0
837,163,-1,-1,4,0,0,0
838,837,425,-1,6,0,0,0
839,173,-1,-1,4,0,0,0
840,839,428,-1,4,0,0,0
841,58,-1,-1,4,0,0,0
842,841,431,-1,6,0,0,0
843,331,-1,-1,4,0,0,0
844,843,675,-1,6,0,0,0
845,2,-1,-1,4,0,0,0
846,845,-1,-1,4,0,0,0
847,846,436,-1,6,0,0,0
848,4,-1,-1,4,0,0,0
849,848,-1,-1,4,0,0,0
850,849,725,-1,6,0,0,0
851,737,350,-1,6,0,0,0
852,448,-1,-1,4,0,0,0
853,852,-1,-1,4,0,0,0
854,853,447,-1,6,0,0,0
855,450,-1,-1,7,0,0,0
856,855,780,-1,2,0,0,0
857,65,-1,-1,4,0,0,0
858,857,-1,-1,4,0,0,0
859,858,760,-1,4,0,0,0
860,190,-1,-1,4,0,0,0
861,860,453,-1,6,0,0,0
862,177,-1,-1,4,0,0,0
863,862,-1,-1,4,0,0,0
864,863,-1,-1,4,0,0,0
865,864,456,-1,4,0,0,0
866,300,-1,-1,4,0,0,0
867,866,696,-1,4,0,0,0
868,9,176,-1,7,0,0,0
869,181,-1,-1,4,0,0,0
870,868,869,-1,2,0,0,0
871,459,238,-1,6,0,0,0
872,409,-1,-1,4,0,0,0
873,870,871,-1,6,0,0,0
874,872,728,-1,6,0,0,0
875,461,463,-1,6,0,0,0
876,465,467,-1,6,0,0,0
877,378,469,-1,6,0,0,0
878,470,-1,-1,7,0,0,0
879,873,874,-1,6,0,0,0
880,875,876,-1,6,0,0,0
881,877,878,-1,4,0,0,0
882,879,880,-1,6,0,0,0
883,881,-1,-1,4,0,0,0
884,882,883,-1,6,0,0,0
885,295,-1,-1,4,0,0,0
886,885,471,-1,6,0,0,0
887,289,-1,-1,4,0,0,0
888,887,479,-1,6,0,0,0
889,76,-1,-1,4,0,0,0
890,889,486,-1,4,0,0,0
891,385,-1,-1,4,0,0,0
892,891,488,-1,4,0,0,0
893,129,-1,-1,4,0,0,0
894,893,-1,-1,4,0,0,0
895,894,801,-1,6,0,0,0
896,492,-1,-1,7,0,0,0
897,896,-1,-1,7,0,0,0
898,897,491,-1,2,0,0,0
899,429,497,-1,6,0,0,0
900,91,-1,-1,4,0,0,0
901,900,498,-1,6,0,0,0
902,0,-1,-1,4,0,0,0
903,902,-1,-1,4,0,0,0
904,903,499,-1,4,0,0,0
905,54,-1,-1,4,0,0,0
906,905,-1,-1,4,0,0,0
907,906,-1,-1,4,0,0,0
908,907,831,-1,6,0,0,0
909,1,-1,-1,4,0,0,0
910,909,-1,-1,4,0,0,0
911,910,792,-1,6,0,0,0
912,352,503,-1,6,0,0,0
913,332,504,-1,6,0,0,0
914,362,-1,-1,4,0,0,0
915,914,663,-1,6,0,0,0
916,505,-1,-1,4,0,0,0
917,916,713,-1,6,0,0,0
918,507,-1,-1,7,0,0,0
919,918,-1,-1,7,0,0,0
920,919,482,-1,2,0,0,0
921,270,509,-1,6,0,0,0
922,510,-1,-1,4,0,0,0
923,922,511,-1,6,0,0,0
924,525,-1,-1,4,0,0,0
925,924,524,-1,6,0,0,0
926,164,-1,-1,4,0,0,0
927,926,-1,-1,4,0,0,0
928,927,533,-1,6,0,0,0
929,22,-1,-1,4,0,0,0
930,929,-1,-1,4,0,0,0
931,930,539,-1,6,0,0,0
932,157,-1,-1,4,0,0,0
933,932,540,-1,6,0,0,0
934,732,501,-1,6,0,0,0
935,222,542,-1,4,0,0,0
936,316,-1,-1,4,0,0,0
937,936,544,-1,6,0,0,0
938,308,548,-1,6,0,0,0
939,148,-1,-1,4,0,0,0
940,939,549,-1,6,0,0,0
941,163,-1,-1,4,0,0,0
942,941,-1,-1,4,0,0,0
943,942,780,-1,6,0,0,0
944,302,-1,-1,4,0,0,0
945,944,938,-1,4,0,0,0
946,305,557,-1,6,0,0,0
947,108,-1,-1,4,0,0,0
948,947,558,-1,4,0,0,0
949,698,564,-1,6,0,0,0
950,307,571,-1,4,0,0,0
951,138,-1,-1,4,0,0,0
952,951,577,-1,6,0,0,0
953,486,-1,-1,4,0,0,0
954,953,581,-1,4,0,0,0
955,140,-1,-1,4,0,0,0
956,955,585,-1,6,0,0,0
957,188,-1,-1,4,0,0,0
958,957,-1,-1,4,0,0,0
959,958,659,-1,6,0,0,0
960,333,-1,-1,7,0,0,0
961,960,890,-1,2,0,0,0
962,53,-1,-1,4,0,0,0
963,962,-1,-1,4,0,0,0
964,963,-1,-1,4,0,0,0
965,964,-1,-1,4,0,0,0
966,965,908,-1,4,0,0,0
967,503,-1,-1,4,0,0,0
968,967,-1,-1,4,0,0,0
969,968,592,-1,4,0,0,0
970,178,-1,-1,4,0,0,0
971,970,-1,-1,4,0,0,0
972,971,737,-1,6,0,0,0
973,598,-1,-1,4,0,0,0
974,973,323,-1,6,0,0,0
975,1,73,-1,4,0,0,0
976,76,114,-1,7,0,0,0
977,153,173,-1,6,0,0,0
978,975,976,-1,4,0,0,0
979,977,275,-1,6,0,0,0
980,557,373,-1,6,0,0,0
981,484,263,-1,6,0,0,0
982,403,359,-1,6,0,0,0
983,601,-1,-1,7,0,0,0
984,978,979,-1,6,0,0,0
985,980,981,-1,6,0,0,0
986,982,983,-1,4,0,0,0
987,711,600,-1,2,0,0,0
988,676,-1,-1,4,0,0,0
989,984,985,-1,6,0,0,0
990,986,987,-1,6,0,0,0
991,988,603,-1,6,0,0,0
992,925,-1,-1,7,0,0,0
993,989,990,-1,6,0,0,0
994,991,992,-1,4,0,0,0
995,920,-1,-1,4,0,0,0
996,993,994,-1,6,0,0,0
997,995,-1,-1,4,0,0,0
998,996,997,-1,6,0,0,0
999,135,-1,-1,4,0,0,0
1000,999,-1,-1,4,0,0,0
1001,1000,690,-1,6,0,0,0
1002,584,610,-1,6,0,0,0
1003,98,-1,-1,4,0,0,0
1004,1003,-1,-1,4,0,0,0
1005,1004,705,-1,6,0,0,0
1006,208,-1,-1,4,0,0,0
1007,1006,618,-1,6,0,0,0
1008,0,102,-1,2,0,0,0
1009,125,147,-1,4,0,0,0
1010,1008,1009,-1,6,0,0,0
1011,308,238,-1,4,0,0,0
1012,556,-1,-1,7,0,0,0
1013,1010,1011,-1,6,0,0,0
1014,1012,733,-1,7,0,0,0
1015,353,805,-1,7,0,0,0
1016,626,952,-1,2,0,0,0
1017,535,627,-1,7,0,0,0
1018,1013,1014,-1,4,0,0,0
1019,1015,1016,-1,2,0,0,0
1020,1017,622,-1,2,0,0,0
1021,1018,1019,-1,6,0,0,0
1022,1020,-1,-1,4,0,0,0
1023,1021,1022,-1,6,0,0,0
1024,966,-1,-1,7,0,0,0
1025,1023,1024,-1,4,0,0,0
1026,632,-1,-1,4,0,0,0
1027,1026,815,-1,6,0,0,0
1028,30,34,-1,7,0,0,0
1029,103,171,-1,7,0,0,0
1030,184,-1,-1,7,0,0,0
1031,1028,1029,-1,7,0,0,0
1032,1030,206,-1,2,0,0,0
1033,256,228,-1,7,0,0,0
1034,504,448,-1,7,0,0,0
1035,444,606,-1,6,0,0,0
1036,634,-1,-1,4,0,0,0
1037,1031,1032,-1,2,0,0,0
1038,1033,1034,-1,7,0,0,0
1039,1035,1036,-1,6,0,0,0
1040,741,940,-1,7,0,0,0
1041,800,541,-1,2,0,0,0
1042,822,-1,-1,7,0,0,0
1043,1037,1038,-1,4,0,0,0
1044,1039,1040,-1,4,0,0,0
1045,1041,1042,-1,4,0,0,0
1046,945,-1,-1,7,0,0,0
1047,1043,1044,-1,6,0,0,0
1048,1045,1046,-1,4,0,0,0
1049,898,-1,-1,7,0,0,0
1050,1047,1048,-1,6,0,0,0
1051,1049,-1,-1,7,0,0,0
1052,1050,1051,-1,4,0,0,0
1053,185,-1,-1,4,0,0,0
1054,1053,637,-1,6,0,0,0
1055,14,-1,-1,4,0,0,0
1056,1055,-1,-1,4,0,0,0
1057,1056,753,-1,6,0,0,0
1058,149,-1,-1,4,0,0,0
1059,1058,-1,-1,4,0,0,0
1060,1059,733,-1,6,0,0,0
1061,193,-1,-1,4,0,0,0
1062,1061,659,-1,6,0,0,0
1063,83,-1,-1,4,0,0,0
1064,1063,-1,-1,4,0,0,0
1065,1064,663,-1,6,0,0,0
1066,146,-1,-1,4,0,0,0
1067,1066,-1,-1,4,0,0,0
1068,1067,667,-1,6,0,0,0
1069,215,671,-1,4,0,0,0
1070,223,-1,-1,4,0,0,0
1071,1070,675,-1,6,0,0,0
1072,227,-1,-1,4,0,0,0
1073,1072,678,-1,6,0,0,0
1074,229,-1,-1,4,0,0,0
1075,1074,679,-1,4,0,0,0
1076,233,-1,-1,7,0,0,0
1077,1076,681,-1,2,0,0,0
1078,136,-1,-1,4,0,0,0
1079,1078,-1,-1,4,0,0,0
1080,1079,690,-1,4,0,0,0
1081,692,248,-1,4,0,0,0
1082,250,-1,-1,4,0,0,0
1083,1082,696,-1,6,0,0,0
1084,241,-1,-1,4,0,0,0
1085,1084,699,-1,6,0,0,0
1086,127,-1,-1,4,0,0,0
1087,1086,-1,-1,4,0,0,0
1088,1087,707,-1,6,0,0,0
1089,179,-1,-1,4,0,0,0
1090,1089,-1,-1,4,0,0,0
1091,1090,710,-1,4,0,0,0
1092,711,692,-1,4,0,0,0
1093,98,-1,-1,4,0,0,0
1094,1093,-1,-1,4,0,0,0
1095,1094,719,-1,6,0,0,0
1096,290,-1,-1,4,0,0,0
1097,1096,725,-1,6,0,0,0
1098,160,-1,-1,4,0,0,0
1099,1098,-1,-1,4,0,0,0
1100,1099,732,-1,6,0,0,0
1101,161,-1,-1,4,0,0,0
1102,1101,-1,-1,4,0,0,0
1103,1102,733,-1,6,0,0,0
1104,303,-1,-1,4,0,0,0
1105,1104,735,-1,6,0,0,0
1106,737,307,-1,4,0,0,0
1107,309,-1,-1,4,0,0,0
1108,1107,739,-1,4,0,0,0
1109,330,-1,-1,4,0,0,0
1110,1109,753,-1,6,0,0,0
1111,76,-1,-1,4,0,0,0
1112,1111,-1,-1,4,0,0,0
1113,1112,760,-1,6,0,0,0
1114,156,-1,-1,4,0,0,0
1115,1114,-1,-1,4,0,0,0
1116,1115,764,-1,6,0,0,0
1117,773,-1,-1,4,0,0,0
1118,1117,758,-1,6,0,0,0
1119,5,-1,-1,4,0,0,0
1120,1119,-1,-1,4,0,0,0
1121,1120,-1,-1,4,0,0,0
1122,1121,779,-1,4,0,0,0
1123,50,-1,-1,4,0,0,0
1124,1123,-1,-1,4,0,0,0
1125,1124,-1,-1,4,0,0,0
1126,1125,1062,-1,6,0,0,0
1127,156,-1,-1,4,0,0,0
1128,1127,-1,-1,4,0,0,0
1129,1128,-1,-1,4,0,0,0
1130,1129,786,-1,6,0,0,0
1131,4,84,-1,4,0,0,0
1132,109,120,-1,4,0,0,0
1133,168,-1,-1,7,0,0,0
1134,1131,1132,-1,6,0,0,0
1135,1133,251,-1,7,0,0,0
1136,223,281,-1,2,0,0,0
1137,369,-1,-1,4,0,0,0
1138,1134,1135,-1,4,0,0,0
1139,1136,1137,-1,6,0,0,0
1140,659,749,-1,2,0,0,0
1141,792,368,-1,4,0,0,0
1142,668,795,-1,7,0,0,0
1143,1138,1139,-1,6,0,0,0
1144,1140,1141,-1,6,0,0,0
1145,1142,791,-1,7,0,0,0
1146,366,371,-1,7,0,0,0
1147,794,-1,-1,4,0,0,0
1148,1143,1144,-1,6,0,0,0
1149,1145,1146,-1,7,0,0,0
1150,1147,-1,-1,4,0,0,0
1151,1148,1149,-1,4,0,0,0
1152,1150,-1,-1,4,0,0,0
1153,1151,1152,-1,6,0,0,0
1154,111,-1,-1,4,0,0,0
1155,1154,-1,-1,4,0,0,0
1156,1155,-1,-1,4,0,0,0
1157,1156,798,-1,6,0,0,0
1158,381,801,-1,6,0,0,0
1159,353,802,-1,6,0,0,0
1160,386,-1,-1,4,0,0,0
1161,1160,805,-1,4,0,0,0
1162,68,-1,-1,4,0,0,0
1163,1162,-1,-1,4,0,0,0
1164,1163,-1,-1,4,0,0,0
1165,1164,-1,-1,4,0,0,0
1166,1165,1122,-1,6,0,0,0
1167,334,-1,-1,4,0,0,0
1168,1167,-1,-1,4,0,0,0
1169,1168,-1,-1,4,0,0,0
1170,1169,1126,-1,4,0,0,0
1171,254,-1,-1,4,0,0,0
1172,1171,815,-1,6,0,0,0
1173,405,-1,-1,4,0,0,0
1174,1173,825,-1,4,0,0,0
1175,415,-1,-1,4,0,0,0
1176,1175,828,-1,4,0,0,0
1177,36,131,-1,6,0,0,0
1178,140,167,-1,6,0,0,0
1179,174,186,-1,2,0,0,0
1180,1177,1178,-1,6,0,0,0
1181,1179,301,-1,4,0,0,0
1182,330,387,-1,4,0,0,0
1183,418,419,-1,2,0,0,0
1184,329,-1,-1,4,0,0,0
1185,1180,1181,-1,6,0,0,0
1186,1182,1183,-1,6,0,0,0
1187,1184,421,-1,4,0,0,0
1188,836,838,-1,4,0,0,0
1189,427,840,-1,6,0,0,0
1190,777,-1,-1,7,0,0,0
1191,1185,1186,-1,6,0,0,0
1192,1187,1188,-1,6,0,0,0
1193,1189,1190,-1,4,0,0,0
1194,831,834,-1,6,0,0,0
1195,1103,-1,-1,7,0,0,0
1196,1191,1192,-1,6,0,0,0
1197,1193,1194,-1,6,0,0,0
1198,1195,-1,-1,7,0,0,0
1199,1196,1197,-1,6,0,0,0
1200,1198,-1,-1,7,0,0,0
1201,1199,1200,-1,4,0,0,0
1202,388,-1,-1,4,0,0,0
1203,1202,-1,-1,4,0,0,0
1204,1203,847,-1,6,0,0,0
1205,437,-1,-1,4,0,0,0
1206,1205,-1,-1,4,0,0,0
1207,1206,850,-1,6,0,0,0
1208,399,-1,-1,4,0,0,0
1209,1208,-1,-1,4,0,0,0
1210,1209,1069,-1,6,0,0,0
1211,85,116,-1,2,0,0,0
1212,157,-1,-1,4,0,0,0
1213,1211,1212,-1,6,0,0,0
1214,232,311,-1,2,0,0,0
1215,363,-1,-1,4,0,0,0
1216,1213,1214,-1,6,0,0,0
1217,1215,753,-1,4,0,0,0
1218,815,719,-1,2,0,0,0
1219,751,452,-1,7,0,0,0
1220,434,861,-1,2,0,0,0
1221,1216,1217,-1,6,0,0,0
1222,1218,1219,-1,4,0,0,0
1223,1220,859,-1,4,0,0,0
1224,1069,850,-1,7,0,0,0
1225,1100,867,-1,7,0,0,0
1226,458,1092,-1,4,0,0,0
1227,1221,1222,-1,6,0,0,0
1228,1223,1224,-1,4,0,0,0
1229,1225,1226,-1,2,0,0,0
1230,865,-1,-1,7,0,0,0
1231,1227,1228,-1,6,0,0,0
1232,1229,1230,-1,4,0,0,0
1233,1231,1232,-1,6,0,0,0
1234,38,60,-1,6,0,0,0
1235,76,111,-1,7,0,0,0
1236,125,-1,-1,7,0,0,0
1237,1234,1235,-1,4,0,0,0
1238,1236,399,-1,2,0,0,0
1239,474,262,-1,4,0,0,0
1240,202,475,-1,2,0,0,0
1241,1237,1238,-1,6,0,0,0
1242,1239,1240,-1,6,0,0,0
1243,739,361,-1,4,0,0,0
1244,735,465,-1,6,0,0,0
1245,473,477,-1,6,0,0,0
1246,1241,1242,-1,6,0,0,0
1247,1243,1244,-1,6,0,0,0
1248,1245,886,-1,6,0,0,0
1249,888,844,-1,7,0,0,0
1250,1246,1247,-1,6,0,0,0
1251,1248,1249,-1,4,0,0,0
1252,1250,1251,-1,6,0,0,0
1253,120,-1,-1,4,0,0,0
1254,1253,-1,-1,4,0,0,0
1255,1254,890,-1,4,0,0,0
1256,227,-1,-1,4,0,0,0
1257,1256,-1,-1,4,0,0,0
1258,1257,895,-1,4,0,0,0
1259,28,-1,-1,4,0,0,0
1260,1259,-1,-1,4,0,0,0
1261,1260,899,-1,6,0,0,0
1262,6,38,-1,4,0,0,0
1263,59,82,-1,2,0,0,0
1264,101,113,-1,4,0,0,0
1265,190,-1,-1,4,0,0,0
1266,1262,1263,-1,6,0,0,0
1267,1264,1265,-1,6,0,0,0
1268,444,394,-1,7,0,0,0
1269,474,502,-1,4,0,0,0
1270,1266,1267,-1,6,0,0,0
1271,1268,1269,-1,2,0,0,0
1272,678,501,-1,4,0,0,0
1273,842,912,-1,2,0,0,0
1274,913,-1,-1,7,0,0,0
1275,1270,1271,-1,6,0,0,0
1276,1272,1273,-1,6,0,0,0
1277,1274,859,-1,7,0,0,0
1278,911,915,-1,6,0,0,0
1279,917,-1,-1,7,0,0,0
1280,1275,1276,-1,6,0,0,0
1281,1277,1278,-1,2,0,0,0
1282,1279,908,-1,2,0,0,0
1283,1280,1281,-1,6,0,0,0
1284,1282,-1,-1,4,0,0,0
1285,1283,1284,-1,6,0,0,0
1286,256,-1,-1,4,0,0,0
1287,1286,-1,-1,4,0,0,0
1288,1287,1255,-1,6,0,0,0
1289,22,36,-1,2,0,0,0
1290,66,89,-1,7,0,0,0
1291,105,166,-1,7,0,0,0
1292,1289,1290,-1,4,0,0,0
1293,1291,223,-1,2,0,0,0
1294,195,412,-1,7,0,0,0
1295,512,513,-1,4,0,0,0
1296,516,-1,-1,7,0,0,0
1297,1292,1293,-1,6,0,0,0
1298,1294,1295,-1,2,0,0,0
1299,1296,749,-1,2,0,0,0
1300,495,842,-1,7,0,0,0
1301,463,438,-1,6,0,0,0
1302,515,518,-1,6,0,0,0
1303,520,522,-1,4,0,0,0
1304,1297,1298,-1,6,0,0,0
1305,1299,1300,-1,4,0,0,0
1306,1301,1302,-1,6,0,0,0
1307,1303,807,-1,4,0,0,0
1308,925,-1,-1,7,0,0,0
1309,1304,1305,-1,6,0,0,0
1310,1306,1307,-1,6,0,0,0
1311,1308,-1,-1,7,0,0,0
1312,1309,1310,-1,6,0,0,0
1313,1311,-1,-1,7,0,0,0
1314,1312,1313,-1,4,0,0,0
1315,890,-1,-1,4,0,0,0
1316,1315,1085,-1,6,0,0,0
1317,886,937,-1,4,0,0,0
1318,84,-1,-1,4,0,0,0
1319,1318,-1,-1,4,0,0,0
1320,1319,938,-1,6,0,0,0
1321,32,65,-1,2,0,0,0
1322,66,131,-1,2,0,0,0
1323,135,177,-1,2,0,0,0
1324,1321,1322,-1,6,0,0,0
1325,1323,310,-1,4,0,0,0
1326,230,497,-1,2,0,0,0
1327,242,-1,-1,4,0,0,0
1328,1324,1325,-1,6,0,0,0
1329,1326,1327,-1,6,0,0,0
1330,423,553,-1,7,0,0,0
1331,808,473,-1,4,0,0,0
1332,721,555,-1,6,0,0,0
1333,1328,1329,-1,6,0,0,0
1334,1330,1331,-1,2,0,0,0
1335,1332,943,-1,6,0,0,0
1336,928,945,-1,7,0,0,0
1337,1333,1334,-1,6,0,0,0
1338,1335,1336,-1,4,0,0,0
1339,748,-1,-1,4,0,0,0
1340,1337,1338,-1,6,0,0,0
1341,1339,-1,-1,4,0,0,0
1342,1340,1341,-1,6,0,0,0
1343,504,-1,-1,4,0,0,0
1344,1343,-1,-1,4,0,0,0
1345,1344,-1,-1,4,0,0,0
1346,1345,1316,-1,4,0,0,0
1347,9,31,-1,6,0,0,0
1348,83,168,-1,4,0,0,0
1349,182,-1,-1,7,0,0,0
1350,1347,1348,-1,6,0,0,0
1351,1349,268,-1,2,0,0,0
1352,246,252,-1,7,0,0,0
1353,195,493,-1,4,0,0,0
1354,572,575,-1,6,0,0,0
1355,576,-1,-1,4,0,0,0
1356,1350,1351,-1,6,0,0,0
1357,1352,1353,-1,2,0,0,0
1358,1354,1355,-1,6,0,0,0
1359,423,501,-1,2,0,0,0
1360,574,952,-1,7,0,0,0
1361,569,579,-1,4,0,0,0
1362,1356,1357,-1,6,0,0,0
1363,1358,1359,-1,6,0,0,0
1364,1360,1361,-1,2,0,0,0
1365,831,1116,-1,7,0,0,0
1366,954,583,-1,4,0,0,0
1367,1362,1363,-1,6,0,0,0
1368,1364,1365,-1,4,0,0,0
1369,1366,-1,-1,4,0,0,0
1370,1367,1368,-1,6,0,0,0
1371,1369,-1,-1,4,0,0,0
1372,1370,1371,-1,6,0,0,0
1373,33,-1,-1,4,0,0,0
1374,1373,-1,-1,4,0,0,0
1375,1374,956,-1,6,0,0,0
1376,150,-1,-1,7,0,0,0
1377,1376,207,-1,7,0,0,0
1378,294,213,-1,4,0,0,0
1379,386,-1,-1,7,0,0,0
1380,1377,1378,-1,2,0,0,0
1381,1379,518,-1,2,0,0,0
1382,590,840,-1,7,0,0,0
1383,1380,1381,-1,6,0,0,0
1384,1382,772,-1,7,0,0,0
1385,1158,856,-1,4,0,0,0
1386,1383,1384,-1,4,0,0,0
1387,1385,969,-1,4,0,0,0
1388,1386,1387,-1,6,0,0,0
1389,966,-1,-1,7,0,0,0
1390,1388,1389,-1,4,0,0,0
1391,60,121,-1,2,0,0,0
1392,129,-1,-1,7,0,0,0
1393,1391,1392,-1,4,0,0,0
1394,286,344,-1,7,0,0,0
1395,507,536,-1,6,0,0,0
1396,493,593,-1,7,0,0,0
1397,485,546,-1,4,0,0,0
1398,1393,1394,-1,4,0,0,0
1399,1395,1396,-1,4,0,0,0
1400,1397,236,-1,4,0,0,0
1401,762,802,-1,2,0,0,0
1402,495,-1,-1,7,0,0,0
1403,1398,1399,-1,6,0,0,0
1404,1400,1401,-1,6,0,0,0
1405,1402,972,-1,2,0,0,0
1406,595,756,-1,4,0,0,0
1407,1403,1404,-1,6,0,0,0
1408,1405,1406,-1,6,0,0,0
1409,1407,1408,-1,6,0,0,0
1410,93,125,-1,7,0,0,0
1411,1410,379,-1,2,0,0,0
1412,419,204,-1,2,0,0,0
1413,285,-1,-1,4,0,0,0
1414,1411,1412,-1,6,0,0,0
1415,1413,538,-1,6,0,0,0
1416,597,560,-1,2,0,0,0
1417,1414,1415,-1,6,0,0,0
1418,1416,1255,-1,4,0,0,0
1419,758,859,-1,7,0,0,0
1420,595,974,-1,6,0,0,0
1421,1417,1418,-1,6,0,0,0
1422,1419,1420,-1,2,0,0,0
1423,1421,1422,-1,6,0,0,0
1424,55,104,-1,7,0,0,0
1425,161,-1,-1,7,0,0,0
1426,1424,1425,-1,7,0,0,0
1427,212,273,-1,4,0,0,0
1428,384,540,-1,7,0,0,0
1429,401,369,-1,2,0,0,0
1430,1426,1427,-1,2,0,0,0
1431,1428,1429,-1,2,0,0,0
1432,699,392,-1,7,0,0,0
1433,762,375,-1,6,0,0,0
1434,751,564,-1,6,0,0,0
1435,956,574,-1,2,0,0,0
1436,901,605,-1,2,0,0,0
1437,1430,1431,-1,6,0,0,0
1438,1432,1433,-1,2,0,0,0
1439,1434,1435,-1,6,0,0,0
1440,1436,-1,-1,4,0,0,0
1441,1437,1438,-1,6,0,0,0
1442,1439,1440,-1,6,0,0,0
1443,1174,-1,-1,7,0,0,0
1444,1441,1442,-1,6,0,0,0
1445,1443,-1,-1,7,0,0,0
1446,1444,1445,-1,4,0,0,0
1447,9,15,-1,2,0,0,0
1448,35,49,-1,7,0,0,0
1449,79,85,-1,2,0,0,0
1450,90,141,-1,7,0,0,0
1451,1447,1448,-1,4,0,0,0
1452,1449,1450,-1,4,0,0,0
1453,331,384,-1,4,0,0,0
1454,540,196,-1,6,0,0,0
1455,335,542,-1,6,0,0,0
1456,498,606,-1,4,0,0,0
1457,487,607,-1,4,0,0,0
1458,1451,1452,-1,6,0,0,0
1459,1453,1454,-1,6,0,0,0
1460,1455,1456,-1,6,0,0,0
1461,1457,801,-1,4,0,0,0
1462,538,600,-1,2,0,0,0
1463,588,608,-1,4,0,0,0
1464,1458,1459,-1,6,0,0,0
1465,1460,1461,-1,6,0,0,0
1466,1462,1463,-1,6,0,0,0
1467,1261,-1,-1,7,0,0,0
1468,1464,1465,-1,6,0,0,0
1469,1466,1467,-1,4,0,0,0
1470,1468,1469,-1,6,0,0,0
1471,27,65,-1,7,0,0,0
1472,1471,411,-1,7,0,0,0
1473,400,443,-1,7,0,0,0
1474,277,576,-1,7,0,0,0
1475,1472,1473,-1,7,0,0,0
1476,1474,815,-1,7,0,0,0
1477,741,533,-1,6,0,0,0
1478,745,358,-1,4,0,0,0
1479,368,673,-1,7,0,0,0
1480,609,1002,-1,6,0,0,0
1481,803,-1,-1,4,0,0,0
1482,1475,1476,-1,7,0,0,0
1483,1477,1478,-1,6,0,0,0
1484,1479,1480,-1,2,0,0,0
1485,1481,1065,-1,6,0,0,0
1486,1001,934,-1,4,0,0,0
1487,1091,-1,-1,4,0,0,0
1488,1482,1483,-1,2,0,0,0
1489,1484,1485,-1,6,0,0,0
1490,1486,1487,-1,6,0,0,0
1491,1488,1489,-1,6,0,0,0
1492,1490,-1,-1,4,0,0,0
1493,1491,1492,-1,6,0,0,0
1494,16,31,-1,2,0,0,0
1495,78,87,-1,2,0,0,0
1496,148,-1,-1,4,0,0,0
1497,1494,1495,-1,6,0,0,0
1498,1496,286,-1,6,0,0,0
1499,200,506,-1,4,0,0,0
1500,327,324,-1,6,0,0,0
1501,611,614,-1,7,0,0,0
1502,266,-1,-1,4,0,0,0
1503,1497,1498,-1,6,0,0,0
1504,1499,1500,-1,6,0,0,0
1505,1501,1502,-1,2,0,0,0
1506,479,356,-1,4,0,0,0
1507,390,613,-1,6,0,0,0
1508,616,838,-1,7,0,0,0
1509,520,-1,-1,7,0,0,0
1510,1503,1504,-1,6,0,0,0
1511,1505,1506,-1,6,0,0,0
1512,1507,1508,-1,4,0,0,0
1513,1509,1005,-1,2,0,0,0
1514,851,-1,-1,4,0,0,0
1515,1510,1511,-1,6,0,0,0
1516,1512,1513,-1,6,0,0,0
1517,1514,969,-1,4,0,0,0
1518,1515,1516,-1,6,0,0,0
1519,1517,-1,-1,4,0,0,0
1520,1518,1519,-1,6,0,0,0
1521,67,100,-1,2,0,0,0
1522,103,-1,-1,7,0,0,0
1523,1521,1522,-1,4,0,0,0
1524,272,300,-1,4,0,0,0
1525,284,607,-1,6,0,0,0
1526,267,-1,-1,4,0,0,0
1527,1523,1524,-1,6,0,0,0
1528,1525,1526,-1,6,0,0,0
1529,764,471,-1,6,0,0,0
1530,667,743,-1,6,0,0,0
1531,438,265,-1,2,0,0,0
1532,508,-1,-1,7,0,0,0
1533,1527,1528,-1,6,0,0,0
1534,1529,1530,-1,6,0,0,0
1535,1531,1532,-1,4,0,0,0
1536,786,791,-1,6,0,0,0
1537,366,972,-1,2,0,0,0
1538,1007,603,-1,4,0,0,0
1539,904,-1,-1,4,0,0,0
1540,1533,1534,-1,6,0,0,0
1541,1535,1536,-1,6,0,0,0
1542,1537,1538,-1,6,0,0,0
1543,1539,-1,-1,4,0,0,0
1544,1540,1541,-1,6,0,0,0
1545,1542,1543,-1,6,0,0,0
1546,1544,1545,-1,6,0,0,0
1547,461,-1,-1,7,0,0,0
1548,1547,1108,-1,2,0,0,0
1549,53,61,-1,7,0,0,0
1550,144,180,-1,7,0,0,0
1551,1549,1550,-1,7,0,0,0
1552,232,271,-1,2,0,0,0
1553,431,218,-1,2,0,0,0
1554,475,601,-1,7,0,0,0
1555,291,-1,-1,7,0,0,0
1556,1551,1552,-1,2,0,0,0
1557,1553,1554,-1,4,0,0,0
1558,1555,703,-1,2,0,0,0
1559,323,524,-1,4,0,0,0
1560,356,624,-1,6,0,0,0
1561,605,609,-1,4,0,0,0
1562,569,-1,-1,4,0,0,0
1563,1556,1557,-1,6,0,0,0
1564,1558,1559,-1,6,0,0,0
1565,1560,1561,-1,6,0,0,0
1566,1562,1080,-1,6,0,0,0
1567,1563,1564,-1,6,0,0,0
1568,1565,1566,-1,6,0,0,0
1569,1258,-1,-1,7,0,0,0
1570,1567,1568,-1,6,0,0,0
1571,1569,1346,-1,7,0,0,0
1572,1570,1571,-1,4,0,0,0
1573,167,-1,-1,7,0,0,0
1574,1573,593,-1,7,0,0,0
1575,219,628,-1,7,0,0,0
1576,1574,1575,-1,7,0,0,0
1577,739,544,-1,7,0,0,0
1578,343,899,-1,7,0,0,0
1579,808,624,-1,2,0,0,0
1580,630,613,-1,2,0,0,0
1581,861,579,-1,4,0,0,0
1582,470,-1,-1,4,0,0,0
1583,1576,1577,-1,7,0,0,0
1584,1578,1579,-1,2,0,0,0
1585,1580,1581,-1,6,0,0,0
1586,1582,1320,-1,4,0,0,0
1587,917,867,-1,2,0,0,0
1588,1583,1584,-1,2,0,0,0
1589,1585,1586,-1,6,0,0,0
1590,1587,-1,-1,4,0,0,0
1591,1588,1589,-1,6,0,0,0
1592,1590,-1,-1,4,0,0,0
1593,1591,1592,-1,6,0,0,0
1594,52,84,-1,7,0,0,0
1595,92,107,-1,2,0,0,0
1596,1594,1595,-1,2,0,0,0
1597,268,272,-1,6,0,0,0
1598,289,271,-1,2,0,0,0
1599,506,313,-1,7,0,0,0
1600,628,-1,-1,7,0,0,0
1601,1596,1597,-1,6,0,0,0
1602,1598,1599,-1,4,0,0,0
1603,1600,236,-1,2,0,0,0
1604,733,587,-1,4,0,0,0
1605,534,-1,-1,7,0,0,0
1606,1601,1602,-1,6,0,0,0
1607,1603,1604,-1,6,0,0,0
1608,1605,1062,-1,2,0,0,0
1609,798,950,-1,7,0,0,0
1610,1606,1607,-1,6,0,0,0
1611,1608,1609,-1,4,0,0,0
1612,1610,1611,-1,6,0,0,0
1613,22,47,-1,6,0,0,0
1614,1613,234,-1,4,0,0,0
1615,295,253,-1,4,0,0,0
1616,290,270,-1,6,0,0,0
1617,388,443,-1,2,0,0,0
1618,1614,1615,-1,6,0,0,0
1619,1616,1617,-1,6,0,0,0
1620,465,562,-1,6,0,0,0
1621,551,-1,-1,4,0,0,0
1622,1618,1619,-1,6,0,0,0
1623,1620,1621,-1,6,0,0,0
1624,1105,-1,-1,4,0,0,0
1625,1622,1623,-1,6,0,0,0
1626,1624,-1,-1,4,0,0,0
1627,1625,1626,-1,6,0,0,0
1628,150,-1,-1,4,0,0,0
1629,1628,-1,-1,4,0,0,0
1630,1629,-1,-1,4,0,0,0
1631,1630,1027,-1,4,0,0,0
1632,85,93,-1,7,0,0,0
1633,117,133,-1,7,0,0,0
1634,151,173,-1,2,0,0,0
1635,1632,1633,-1,7,0,0,0
1636,1634,382,-1,6,0,0,0
1637,431,633,-1,7,0,0,0
1638,1635,1636,-1,2,0,0,0
1639,1637,347,-1,2,0,0,0
1640,667,661,-1,2,0,0,0
1641,715,-1,-1,4,0,0,0
1642,1638,1639,-1,6,0,0,0
1643,1640,1641,-1,6,0,0,0
1644,931,820,-1,2,0,0,0
1645,1159,961,-1,6,0,0,0
1646,1075,-1,-1,7,0,0,0
1647,1642,1643,-1,6,0,0,0
1648,1644,1645,-1,6,0,0,0
1649,1646,-1,-1,7,0,0,0
1650,1647,1648,-1,6,0,0,0
1651,1649,-1,-1,7,0,0,0
1652,1650,1651,-1,4,0,0,0
1653,0,37,-1,4,0,0,0
1654,66,70,-1,6,0,0,0
1655,73,-1,-1,7,0,0,0
1656,1653,1654,-1,6,0,0,0
1657,1655,246,-1,7,0,0,0
1658,399,585,-1,7,0,0,0
1659,572,611,-1,2,0,0,0
1660,1656,1657,-1,4,0,0,0
1661,1658,1659,-1,2,0,0,0
1662,675,728,-1,2,0,0,0
1663,421,933,-1,7,0,0,0
1664,1660,1661,-1,6,0,0,0
1665,1662,1663,-1,4,0,0,0
1666,915,949,-1,2,0,0,0
1667,794,-1,-1,4,0,0,0
1668,1664,1665,-1,6,0,0,0
1669,1666,1667,-1,6,0,0,0
1670,1631,-1,-1,7,0,0,0
1671,1668,1669,-1,6,0,0,0
1672,1670,-1,-1,7,0,0,0
1673,1671,1672,-1,4,0,0,0
1674,39,90,-1,7,0,0,0
1675,109,136,-1,4,0,0,0
1676,152,159,-1,7,0,0,0
1677,1674,1675,-1,2,0,0,0
1678,1676,275,-1,2,0,0,0
1679,429,507,-1,2,0,0,0
1680,282,379,-1,4,0,0,0
1681,312,296,-1,2,0,0,0
1682,288,525,-1,7,0,0,0
1683,395,376,-1,4,0,0,0
1684,636,-1,-1,4,0,0,0
1685,1677,1678,-1,6,0,0,0
1686,1679,1680,-1,6,0,0,0
1687,1681,1682,-1,4,0,0,0
1688,1683,1684,-1,6,0,0,0
1689,696,574,-1,7,0,0,0
1690,685,338,-1,4,0,0,0
1691,836,1054,-1,2,0,0,0
1692,638,948,-1,6,0,0,0
1693,1685,1686,-1,6,0,0,0
1694,1687,1688,-1,6,0,0,0
1695,1689,1690,-1,2,0,0,0
1696,1691,1692,-1,6,0,0,0
1697,786,1001,-1,7,0,0,0
1698,1693,1694,-1,6,0,0,0
1699,1695,1696,-1,6,0,0,0
1700,1697,-1,-1,7,0,0,0
1701,1698,1699,-1,6,0,0,0
1702,1700,-1,-1,7,0,0,0
1703,1701,1702,-1,4,0,0,0
1704,45,97,-1,2,0,0,0
1705,178,-1,-1,4,0,0,0
1706,1704,1705,-1,6,0,0,0
1707,228,-1,-1,4,0,0,0
1708,1706,1707,-1,6,0,0,0
1709,361,1054,-1,2,0,0,0
1710,821,1002,-1,7,0,0,0
1711,489,795,-1,6,0,0,0
1712,1708,1709,-1,6,0,0,0
1713,1710,1711,-1,2,0,0,0
1714,779,850,-1,4,0,0,0
1715,1116,807,-1,2,0,0,0
1716,1057,1068,-1,7,0,0,0
1717,1712,1713,-1,6,0,0,0
1718,1714,1715,-1,6,0,0,0
1719,1716,-1,-1,7,0,0,0
1720,1717,1718,-1,6,0,0,0
1721,1719,-1,-1,7,0,0,0
1722,1720,1721,-1,4,0,0,0
1723,43,55,-1,4,0,0,0
1724,96,164,-1,7,0,0,0
1725,169,-1,-1,7,0,0,0
1726,1723,1724,-1,4,0,0,0
1727,1725,408,-1,7,0,0,0
1728,557,312,-1,6,0,0,0
1729,198,348,-1,7,0,0,0
1730,635,-1,-1,7,0,0,0
1731,1726,1727,-1,4,0,0,0
1732,1728,1729,-1,4,0,0,0
1733,1730,215,-1,7,0,0,0
1734,417,539,-1,4,0,0,0
1735,618,608,-1,7,0,0,0
1736,1731,1732,-1,6,0,0,0
1737,1733,1734,-1,2,0,0,0
1738,1735,622,-1,7,0,0,0
1739,911,1057,-1,2,0,0,0
1740,814,1060,-1,6,0,0,0
1741,567,954,-1,2,0,0,0
1742,1736,1737,-1,6,0,0,0
1743,1738,1739,-1,2,0,0,0
1744,1740,1741,-1,6,0,0,0
1745,1742,1743,-1,6,0,0,0
1746,1744,-1,-1,4,0,0,0
1747,1745,1746,-1,6,0,0,0
1748,0,17,-1,2,0,0,0
1749,123,143,-1,6,0,0,0
1750,1748,1749,-1,6,0,0,0
1751,305,258,-1,2,0,0,0
1752,408,372,-1,2,0,0,0
1753,619,-1,-1,7,0,0,0
1754,1750,1751,-1,6,0,0,0
1755,1752,1753,-1,4,0,0,0
1756,436,743,-1,6,0,0,0
1757,452,730,-1,7,0,0,0
1758,616,788,-1,4,0,0,0
1759,1754,1755,-1,6,0,0,0
1760,1756,1757,-1,4,0,0,0
1761,1758,943,-1,4,0,0,0
1762,888,1110,-1,7,0,0,0
1763,811,-1,-1,4,0,0,0
1764,1759,1760,-1,6,0,0,0
1765,1761,1762,-1,4,0,0,0
1766,1763,1548,-1,4,0,0,0
1767,1764,1765,-1,6,0,0,0
1768,1766,-1,-1,4,0,0,0
1769,1767,1768,-1,6,0,0,0
1770,26,128,-1,6,0,0,0
1771,1770,268,-1,6,0,0,0
1772,255,408,-1,4,0,0,0
1773,257,584,-1,2,0,0,0
1774,575,634,-1,7,0,0,0
1775,1771,1772,-1,6,0,0,0
1776,1773,1774,-1,4,0,0,0
1777,707,762,-1,2,0,0,0
1778,630,597,-1,6,0,0,0
1779,638,913,-1,2,0,0,0
1780,726,-1,-1,4,0,0,0
1781,1775,1776,-1,6,0,0,0
1782,1777,1778,-1,6,0,0,0
1783,1779,1780,-1,6,0,0,0
1784,834,959,-1,6,0,0,0
1785,371,-1,-1,4,0,0,0
1786,1781,1782,-1,6,0,0,0
1787,1783,1784,-1,6,0,0,0
1788,1785,1130,-1,6,0,0,0
1789,865,-1,-1,7,0,0,0
1790,1786,1787,-1,6,0,0,0
1791,1788,1789,-1,4,0,0,0
1792,1790,1791,-1,6,0,0,0
1793,3,8,-1,7,0,0,0
1794,21,75,-1,6,0,0,0
1795,104,114,-1,6,0,0,0
1796,137,158,-1,4,0,0,0
1797,170,-1,-1,4,0,0,0
1798,1793,1794,-1,2,0,0,0
1799,1795,1796,-1,6,0,0,0
1800,1797,192,-1,6,0,0,0
1801,195,196,-1,6,0,0,0
1802,197,198,-1,7,0,0,0
1803,199,201,-1,4,0,0,0
1804,202,204,-1,7,0,0,0
1805,1798,1799,-1,6,0,0,0
1806,1800,1801,-1,6,0,0,0
1807,1802,1803,-1,2,0,0,0
1808,1804,661,-1,2,0,0,0
1809,665,668,-1,2,0,0,0
1810,669,-1,-1,7,0,0,0
1811,1805,1806,-1,6,0,0,0
1812,1807,1808,-1,6,0,0,0
1813,1809,1810,-1,4,0,0,0
1814,1062,1065,-1,6,0,0,0
1815,1068,-1,-1,4,0,0,0
1816,1811,1812,-1,6,0,0,0
1817,1813,1814,-1,6,0,0,0
1818,1815,-1,-1,4,0,0,0
1819,1816,1817,-1,6,0,0,0
1820,1818,-1,-1,4,0,0,0
1821,1819,1820,-1,6,0,0,0
1822,43,55,-1,6,0,0,0
1823,75,89,-1,2,0,0,0
1824,100,130,-1,4,0,0,0
1825,1822,1823,-1,6,0,0,0
1826,1824,211,-1,6,0,0,0
1827,212,213,-1,4,0,0,0
1828,217,218,-1,7,0,0,0
1829,219,220,-1,4,0,0,0
1830,221,-1,-1,7,0,0,0
1831,1825,1826,-1,6,0,0,0
1832,1827,1828,-1,4,0,0,0
1833,1829,1830,-1,4,0,0,0
1834,673,676,-1,2,0,0,0
1835,1831,1832,-1,6,0,0,0
1836,1833,1834,-1,6,0,0,0
1837,1069,1071,-1,7,0,0,0
1838,1073,1075,-1,7,0,0,0
1839,1077,-1,-1,7,0,0,0
1840,1835,1836,-1,6,0,0,0
1841,1837,1838,-1,7,0,0,0
1842,1839,-1,-1,7,0,0,0
1843,1840,1841,-1,4,0,0,0
1844,1842,-1,-1,7,0,0,0
1845,1843,1844,-1,4,0,0,0
1846,694,-1,-1,4,0,0,0
1847,1846,1083,-1,4,0,0,0
1848,705,-1,-1,4,0,0,0
1849,1848,1088,-1,6,0,0,0
1850,86,162,-1,6,0,0,0
1851,1850,216,-1,6,0,0,0
1852,246,273,-1,4,0,0,0
1853,274,276,-1,2,0,0,0
1854,277,278,-1,7,0,0,0
1855,239,281,-1,4,0,0,0
1856,284,285,-1,4,0,0,0
1857,291,-1,-1,4,0,0,0
1858,1851,1852,-1,6,0,0,0
1859,1853,1854,-1,4,0,0,0
1860,1855,1856,-1,6,0,0,0
1861,1857,215,-1,6,0,0,0
1862,713,280,-1,4,0,0,0
1863,715,717,-1,7,0,0,0
1864,721,723,-1,4,0,0,0
1865,726,-1,-1,4,0,0,0
1866,1858,1859,-1,6,0,0,0
1867,1860,1861,-1,6,0,0,0
1868,1862,1863,-1,4,0,0,0
1869,1864,1865,-1,6,0,0,0
1870,1095,1097,-1,6,0,0,0
1871,1866,1867,-1,6,0,0,0
1872,1868,1869,-1,6,0,0,0
1873,1870,-1,-1,4,0,0,0
1874,1871,1872,-1,6,0,0,0
1875,1873,-1,-1,4,0,0,0
1876,1874,1875,-1,6,0,0,0
1877,3,13,-1,2,0,0,0
1878,33,47,-1,7,0,0,0
1879,151,-1,-1,4,0,0,0
1880,1877,1878,-1,4,0,0,0
1881,1879,269,-1,4,0,0,0
1882,294,296,-1,6,0,0,0
1883,297,298,-1,4,0,0,0
1884,299,-1,-1,7,0,0,0
1885,1880,1881,-1,6,0,0,0
1886,1882,1883,-1,6,0,0,0
1887,1884,728,-1,2,0,0,0
1888,703,678,-1,6,0,0,0
1889,730,-1,-1,4,0,0,0
1890,1885,1886,-1,6,0,0,0
1891,1887,1888,-1,6,0,0,0
1892,1889,1062,-1,4,0,0,0
1893,1100,1103,-1,4,0,0,0
1894,1071,1105,-1,6,0,0,0
1895,1106,-1,-1,7,0,0,0
1896,1890,1891,-1,6,0,0,0
1897,1892,1893,-1,6,0,0,0
1898,1894,1895,-1,4,0,0,0
1899,1896,1897,-1,6,0,0,0
1900,1898,-1,-1,4,0,0,0
1901,1899,1900,-1,6,0,0,0
1902,38,46,-1,4,0,0,0
1903,49,111,-1,2,0,0,0
1904,180,186,-1,6,0,0,0
1905,1902,1903,-1,6,0,0,0
1906,1904,224,-1,4,0,0,0
1907,308,282,-1,4,0,0,0
1908,290,312,-1,4,0,0,0
1909,313,315,-1,4,0,0,0
1910,1905,1906,-1,6,0,0,0
1911,1907,1908,-1,6,0,0,0
1912,1909,741,-1,4,0,0,0
1913,743,280,-1,4,0,0,0
1914,745,-1,-1,4,0,0,0
1915,1910,1911,-1,6,0,0,0
1916,1912,1913,-1,6,0,0,0
1917,1914,1108,-1,4,0,0,0
1918,1915,1916,-1,6,0,0,0
1919,1917,748,-1,6,0,0,0
1920,1918,1919,-1,6,0,0,0
1921,758,1113,-1,4,0,0,0
1922,351,-1,-1,4,0,0,0
1923,1922,-1,-1,4,0,0,0
1924,1923,-1,-1,4,0,0,0
1925,1924,1122,-1,6,0,0,0
1926,69,129,-1,6,0,0,0
1927,134,153,-1,6,0,0,0
1928,164,-1,-1,7,0,0,0
1929,1926,1927,-1,6,0,0,0
1930,1928,212,-1,7,0,0,0
1931,331,354,-1,7,0,0,0
1932,313,261,-1,7,0,0,0
1933,359,-1,-1,7,0,0,0
1934,1929,1930,-1,4,0,0,0
1935,1931,1932,-1,7,0,0,0
1936,1933,780,-1,2,0,0,0
1937,725,353,-1,7,0,0,0
1938,340,356,-1,6,0,0,0
1939,717,358,-1,6,0,0,0
1940,788,686,-1,2,0,0,0
1941,1934,1935,-1,4,0,0,0
1942,1936,1937,-1,4,0,0,0
1943,1938,1939,-1,6,0,0,0
1944,1940,783,-1,4,0,0,0
1945,1941,1942,-1,6,0,0,0
1946,1943,1944,-1,6,0,0,0
1947,1126,1130,-1,4,0,0,0
1948,1945,1946,-1,6,0,0,0
1949,1947,-1,-1,4,0,0,0
1950,1948,1949,-1,6,0,0,0
1951,10,68,-1,7,0,0,0
1952,75,165,-1,4,0,0,0
1953,177,-1,-1,4,0,0,0
1954,1951,1952,-1,2,0,0,0
1955,1953,243,-1,4,0,0,0
1956,335,315,-1,7,0,0,0
1957,376,299,-1,4,0,0,0
1958,1954,1955,-1,6,0,0,0
1959,1956,1957,-1,2,0,0,0
1960,375,378,-1,2,0,0,0
1961,800,803,-1,7,0,0,0
1962,1958,1959,-1,6,0,0,0
1963,1960,1961,-1,4,0,0,0
1964,1158,1159,-1,7,0,0,0
1965,1161,-1,-1,4,0,0,0
1966,1962,1963,-1,6,0,0,0
1967,1964,1965,-1,2,0,0,0
1968,1157,-1,-1,4,0,0,0
1969,1966,1967,-1,6,0,0,0
1970,1968,-1,-1,4,0,0,0
1971,1969,1970,-1,6,0,0,0
1972,49,115,-1,6,0,0,0
1973,118,-1,-1,7,0,0,0
1974,1972,1973,-1,4,0,0,0
1975,289,382,-1,2,0,0,0
1976,276,388,-1,2,0,0,0
1977,394,395,-1,7,0,0,0
1978,396,-1,-1,4,0,0,0
1979,1974,1975,-1,6,0,0,0
1980,1976,1977,-1,4,0,0,0
1981,1978,732,-1,6,0,0,0
1982,735,375,-1,2,0,0,0
1983,390,808,-1,4,0,0,0
1984,809,-1,-1,7,0,0,0
1985,1979,1980,-1,6,0,0,0
1986,1981,1982,-1,6,0,0,0
1987,1983,1984,-1,4,0,0,0
1988,807,1106,-1,7,0,0,0
1989,811,-1,-1,7,0,0,0
1990,1985,1986,-1,6,0,0,0
1991,1987,1988,-1,4,0,0,0
1992,1989,-1,-1,7,0,0,0
1993,1990,1991,-1,6,0,0,0
1994,1992,1166,-1,2,0,0,0
1995,1993,1994,-1,6,0,0,0
1996,407,-1,-1,4,0,0,0
1997,1996,1172,-1,4,0,0,0
1998,90,191,-1,2,0,0,0
1999,1998,232,-1,6,0,0,0
2000,311,354,-1,6,0,0,0
2001,409,240,-1,4,0,0,0
2002,410,-1,-1,7,0,0,0
2003,1999,2000,-1,6,0,0,0
2004,2001,2002,-1,4,0,0,0
2005,707,821,-1,4,0,0,0
2006,822,-1,-1,7,0,0,0
2007,2003,2004,-1,6,0,0,0
2008,2005,2006,-1,4,0,0,0
2009,818,820,-1,7,0,0,0
2010,775,-1,-1,7,0,0,0
2011,2007,2008,-1,6,0,0,0
2012,2009,2010,-1,7,0,0,0
2013,1174,1176,-1,4,0,0,0
2014,2011,2012,-1,4,0,0,0
2015,2013,-1,-1,4,0,0,0
2016,2014,2015,-1,6,0,0,0
2017,1204,1207,-1,4,0,0,0
2018,21,91,-1,7,0,0,0
2019,103,115,-1,2,0,0,0
2020,167,171,-1,2,0,0,0
2021,189,-1,-1,7,0,0,0
2022,2018,2019,-1,2,0,0,0
2023,2020,2021,-1,4,0,0,0
2024,431,441,-1,7,0,0,0
2025,2022,2023,-1,6,0,0,0
2026,2024,423,-1,2,0,0,0
2027,762,438,-1,6,0,0,0
2028,440,665,-1,4,0,0,0
2029,442,-1,-1,7,0,0,0
2030,2025,2026,-1,6,0,0,0
2031,2027,2028,-1,6,0,0,0
2032,2029,851,-1,7,0,0,0
2033,2030,2031,-1,6,0,0,0
2034,2032,-1,-1,7,0,0,0
2035,2033,2034,-1,4,0,0,0
2036,2017,-1,-1,7,0,0,0
2037,2035,2036,-1,4,0,0,0
2038,449,-1,-1,4,0,0,0
2039,2038,-1,-1,4,0,0,0
2040,2039,-1,-1,4,0,0,0
2041,2040,1210,-1,6,0,0,0
2042,72,-1,-1,4,0,0,0
2043,2042,-1,-1,4,0,0,0
2044,2043,-1,-1,4,0,0,0
2045,2044,1255,-1,6,0,0,0
2046,34,45,-1,4,0,0,0
2047,124,128,-1,4,0,0,0
2048,2046,2047,-1,6,0,0,0
2049,352,274,-1,2,0,0,0
2050,225,459,-1,6,0,0,0
2051,229,493,-1,7,0,0,0
2052,424,432,-1,7,0,0,0
2053,2048,2049,-1,6,0,0,0
2054,2050,2051,-1,4,0,0,0
2055,2052,479,-1,2,0,0,0
2056,705,711,-1,4,0,0,0
2057,495,496,-1,6,0,0,0
2058,901,-1,-1,4,0,0,0
2059,2053,2054,-1,6,0,0,0
2060,2055,2056,-1,6,0,0,0
2061,2057,2058,-1,6,0,0,0
2062,1261,783,-1,2,0,0,0
2063,904,-1,-1,7,0,0,0
2064,2059,2060,-1,6,0,0,0
2065,2061,2062,-1,6,0,0,0
2066,2063,-1,-1,7,0,0,0
2067,2064,2065,-1,6,0,0,0
2068,2066,-1,-1,7,0,0,0
2069,2067,2068,-1,4,0,0,0
2070,236,-1,-1,4,0,0,0
2071,2070,-1,-1,4,0,0,0
2072,2071,1288,-1,6,0,0,0
2073,536,-1,-1,4,0,0,0
2074,2073,-1,-1,4,0,0,0
2075,2074,-1,-1,4,0,0,0
2076,2075,1316,-1,6,0,0,0
2077,101,135,-1,6,0,0,0
2078,183,-1,-1,7,0,0,0
2079,2077,2078,-1,4,0,0,0
2080,234,286,-1,4,0,0,0
2081,209,512,-1,2,0,0,0
2082,2079,2080,-1,6,0,0,0
2083,2081,764,-1,6,0,0,0
2084,753,538,-1,4,0,0,0
2085,280,933,-1,2,0,0,0
2086,541,935,-1,4,0,0,0
2087,2082,2083,-1,6,0,0,0
2088,2084,2085,-1,6,0,0,0
2089,2086,931,-1,4,0,0,0
2090,934,-1,-1,7,0,0,0
2091,2087,2088,-1,6,0,0,0
2092,2089,2090,-1,4,0,0,0
2093,1317,-1,-1,7,0,0,0
2094,2091,2092,-1,6,0,0,0
2095,2093,-1,-1,7,0,0,0
2096,2094,2095,-1,4,0,0,0
2097,17,93,-1,7,0,0,0
2098,166,189,-1,6,0,0,0
2099,2097,2098,-1,2,0,0,0
2100,227,341,-1,7,0,0,0
2101,249,545,-1,4,0,0,0
2102,546,547,-1,7,0,0,0
2103,2099,2100,-1,4,0,0,0
2104,2101,2102,-1,4,0,0,0
2105,780,728,-1,2,0,0,0
2106,940,551,-1,6,0,0,0
2107,2103,2104,-1,6,0,0,0
2108,2105,2106,-1,6,0,0,0
2109,786,1320,-1,6,0,0,0
2110,2107,2108,-1,6,0,0,0
2111,2109,-1,-1,4,0,0,0
2112,2110,2111,-1,6,0,0,0
2113,30,66,-1,6,0,0,0
2114,74,165,-1,4,0,0,0
2115,2113,2114,-1,6,0,0,0
2116,333,409,-1,7,0,0,0
2117,556,-1,-1,7,0,0,0
2118,2115,2116,-1,4,0,0,0
2119,2117,711,-1,2,0,0,0
2120,417,946,-1,7,0,0,0
2121,948,560,-1,2,0,0,0
2122,935,-1,-1,4,0,0,0
2123,2118,2119,-1,6,0,0,0
2124,2120,2121,-1,2,0,0,0
2125,2122,-1,-1,4,0,0,0
2126,2123,2124,-1,6,0,0,0
2127,2125,1288,-1,4,0,0,0
2128,1849,-1,-1,7,0,0,0
2129,2126,2127,-1,6,0,0,0
2130,2128,1170,-1,7,0,0,0
2131,2129,2130,-1,4,0,0,0
2132,69,89,-1,2,0,0,0
2133,140,-1,-1,7,0,0,0
2134,2132,2133,-1,4,0,0,0
2135,557,277,-1,6,0,0,0
2136,2134,2135,-1,6,0,0,0
2137,719,773,-1,6,0,0,0
2138,562,469,-1,6,0,0,0
2139,2136,2137,-1,6,0,0,0
2140,2138,482,-1,6,0,0,0
2141,949,-1,-1,4,0,0,0
2142,2139,2140,-1,6,0,0,0
2143,2141,529,-1,6,0,0,0
2144,2142,2143,-1,6,0,0,0
2145,1346,-1,-1,4,0,0,0
2146,2144,2145,-1,6,0,0,0
2147,77,100,-1,6,0,0,0
2148,105,126,-1,2,0,0,0
2149,164,-1,-1,4,0,0,0
2150,2147,2148,-1,6,0,0,0
2151,2149,309,-1,4,0,0,0
2152,497,402,-1,6,0,0,0
2153,2150,2151,-1,6,0,0,0
2154,2152,705,-1,4,0,0,0
2155,461,569,-1,4,0,0,0
2156,2153,2154,-1,6,0,0,0
2157,2155,859,-1,4,0,0,0
2158,567,923,-1,7,0,0,0
2159,950,-1,-1,4,0,0,0
2160,2156,2157,-1,6,0,0,0
2161,2158,2159,-1,2,0,0,0
2162,2045,1997,-1,2,0,0,0
2163,2160,2161,-1,6,0,0,0
2164,2162,-1,-1,4,0,0,0
2165,2163,2164,-1,6,0,0,0
2166,25,187,-1,6,0,0,0
2167,2166,321,-1,4,0,0,0
2168,331,387,-1,7,0,0,0
2169,497,584,-1,7,0,0,0
2170,545,201,-1,4,0,0,0
2171,328,-1,-1,7,0,0,0
2172,2167,2168,-1,4,0,0,0
2173,2169,2170,-1,2,0,0,0
2174,2171,440,-1,7,0,0,0
2175,522,587,-1,2,0,0,0
2176,406,588,-1,2,0,0,0
2177,809,-1,-1,4,0,0,0
2178,2172,2173,-1,6,0,0,0
2179,2174,2175,-1,2,0,0,0
2180,2176,2177,-1,6,0,0,0
2181,779,1108,-1,6,0,0,0
2182,1375,959,-1,6,0,0,0
2183,961,-1,-1,4,0,0,0
2184,2178,2179,-1,6,0,0,0
2185,2180,2181,-1,6,0,0,0
2186,2182,2183,-1,6,0,0,0
2187,1317,1847,-1,6,0,0,0
2188,2184,2185,-1,6,0,0,0
2189,2186,2187,-1,6,0,0,0
2190,2188,2189,-1,6,0,0,0
2191,4,36,-1,2,0,0,0
2192,67,99,-1,6,0,0,0
2193,106,125,-1,6,0,0,0
2194,133,179,-1,7,0,0,0
2195,188,-1,-1,7,0,0,0
2196,2191,2192,-1,6,0,0,0
2197,2193,2194,-1,4,0,0,0
2198,2195,193,-1,7,0,0,0
2199,274,228,-1,7,0,0,0
2200,572,619,-1,2,0,0,0
2201,226,614,-1,2,0,0,0
2202,2196,2197,-1,6,0,0,0
2203,2198,2199,-1,7,0,0,0
2204,2200,2201,-1,6,0,0,0
2205,938,683,-1,4,0,0,0
2206,531,669,-1,4,0,0,0
2207,2202,2203,-1,4,0,0,0
2208,2204,2205,-1,6,0,0,0
2209,2206,622,-1,4,0,0,0
2210,2207,2208,-1,6,0,0,0
2211,2209,1548,-1,4,0,0,0
2212,2210,2211,-1,6,0,0,0
2213,96,158,-1,6,0,0,0
2214,2213,211,-1,6,0,0,0
2215,336,223,-1,6,0,0,0
2216,384,208,-1,2,0,0,0
2217,513,502,-1,6,0,0,0
2218,2214,2215,-1,6,0,0,0
2219,2216,2217,-1,6,0,0,0
2220,347,390,-1,2,0,0,0
2221,427,946,-1,2,0,0,0
2222,2218,2219,-1,6,0,0,0
2223,2220,2221,-1,6,0,0,0
2224,974,1077,-1,2,0,0,0
2225,2222,2223,-1,6,0,0,0
2226,2224,854,-1,6,0,0,0
2227,1921,-1,-1,4,0,0,0
2228,2225,2226,-1,6,0,0,0
2229,2227,-1,-1,4,0,0,0
2230,2228,2229,-1,6,0,0,0
2231,12,124,-1,7,0,0,0
2232,165,168,-1,4,0,0,0
2233,2231,2232,-1,2,0,0,0
2234,234,237,-1,2,0,0,0
2235,238,195,-1,7,0,0,0
2236,239,220,-1,2,0,0,0
2237,242,-1,-1,7,0,0,0
2238,2233,2234,-1,6,0,0,0
2239,2235,2236,-1,2,0,0,0
2240,2237,236,-1,7,0,0,0
2241,683,685,-1,2,0,0,0
2242,686,688,-1,7,0,0,0
2243,2238,2239,-1,6,0,0,0
2244,2240,2241,-1,2,0,0,0
2245,2242,1080,-1,2,0,0,0
2246,1081,-1,-1,7,0,0,0
2247,2243,2244,-1,6,0,0,0
2248,2245,2246,-1,4,0,0,0
2249,1847,-1,-1,4,0,0,0
2250,2247,2248,-1,6,0,0,0
2251,2249,-1,-1,4,0,0,0
2252,2250,2251,-1,6,0,0,0
2253,7,26,-1,4,0,0,0
2254,46,107,-1,6,0,0,0
2255,139,-1,-1,4,0,0,0
2256,2253,2254,-1,6,0,0,0
2257,2255,251,-1,6,0,0,0
2258,252,253,-1,7,0,0,0
2259,261,262,-1,6,0,0,0
2260,263,266,-1,6,0,0,0
2261,267,-1,-1,4,0,0,0
2262,2256,2257,-1,6,0,0,0
2263,2258,2259,-1,2,0,0,0
2264,2260,2261,-1,6,0,0,0
2265,698,701,-1,7,0,0,0
2266,703,260,-1,7,0,0,0
2267,265,688,-1,7,0,0,0
2268,709,-1,-1,7,0,0,0
2269,2262,2263,-1,6,0,0,0
2270,2264,2265,-1,4,0,0,0
2271,2266,2267,-1,7,0,0,0
2272,2268,1085,-1,7,0,0,0
2273,1091,1092,-1,4,0,0,0
2274,2269,2270,-1,6,0,0,0
2275,2271,2272,-1,7,0,0,0
2276,2273,1849,-1,6,0,0,0
2277,2274,2275,-1,4,0,0,0
2278,2276,-1,-1,4,0,0,0
2279,2277,2278,-1,6,0,0,0
2280,39,69,-1,2,0,0,0
2281,81,83,-1,4,0,0,0
2282,119,150,-1,6,0,0,0
2283,162,-1,-1,7,0,0,0
2284,2280,2281,-1,6,0,0,0
2285,2282,2283,-1,4,0,0,0
2286,272,320,-1,4,0,0,0
2287,324,328,-1,7,0,0,0
2288,329,-1,-1,7,0,0,0
2289,2284,2285,-1,6,0,0,0
2290,2286,2287,-1,4,0,0,0
2291,2288,749,-1,7,0,0,0
2292,323,326,-1,4,0,0,0
2293,751,-1,-1,7,0,0,0
2294,2289,2290,-1,6,0,0,0
2295,2291,2292,-1,2,0,0,0
2296,2293,1110,-1,7,0,0,0
2297,756,-1,-1,7,0,0,0
2298,2294,2295,-1,6,0,0,0
2299,2296,2297,-1,7,0,0,0
2300,1921,-1,-1,7,0,0,0
2301,2298,2299,-1,4,0,0,0
2302,2300,-1,-1,7,0,0,0
2303,2301,2302,-1,4,0,0,0
2304,350,-1,-1,4,0,0,0
2305,2304,-1,-1,4,0,0,0
2306,2305,-1,-1,4,0,0,0
2307,2306,1925,-1,4,0,0,0
2308,32,72,-1,4,0,0,0
2309,93,117,-1,4,0,0,0
2310,167,-1,-1,7,0,0,0
2311,2308,2309,-1,6,0,0,0
2312,2310,250,-1,2,0,0,0
2313,244,399,-1,2,0,0,0
2314,400,401,-1,6,0,0,0
2315,402,403,-1,7,0,0,0
2316,2311,2312,-1,6,0,0,0
2317,2313,2314,-1,6,0,0,0
2318,2315,760,-1,2,0,0,0
2319,703,406,-1,6,0,0,0
2320,709,-1,-1,7,0,0,0
2321,2316,2317,-1,6,0,0,0
2322,2318,2319,-1,6,0,0,0
2323,2320,814,-1,2,0,0,0
2324,2321,2322,-1,6,0,0,0
2325,2323,1997,-1,6,0,0,0
2326,2324,2325,-1,6,0,0,0
2327,1166,1170,-1,4,0,0,0
2328,2326,2327,-1,6,0,0,0
2329,16,40,-1,6,0,0,0
2330,50,106,-1,4,0,0,0
2331,174,-1,-1,4,0,0,0
2332,2329,2330,-1,6,0,0,0
2333,2331,255,-1,4,0,0,0
2334,294,429,-1,4,0,0,0
2335,327,430,-1,4,0,0,0
2336,432,-1,-1,7,0,0,0
2337,2332,2333,-1,6,0,0,0
2338,2334,2335,-1,6,0,0,0
2339,2336,741,-1,2,0,0,0
2340,842,434,-1,2,0,0,0
2341,2337,2338,-1,6,0,0,0
2342,2339,2340,-1,6,0,0,0
2343,791,818,-1,7,0,0,0
2344,767,844,-1,2,0,0,0
2345,2341,2342,-1,6,0,0,0
2346,2343,2344,-1,2,0,0,0
2347,2345,2346,-1,6,0,0,0
2348,2017,-1,-1,7,0,0,0
2349,2347,2348,-1,4,0,0,0
2350,8,13,-1,2,0,0,0
2351,80,149,-1,6,0,0,0
2352,2350,2351,-1,6,0,0,0
2353,271,312,-1,4,0,0,0
2354,443,444,-1,6,0,0,0
2355,441,-1,-1,7,0,0,0
2356,2352,2353,-1,6,0,0,0
2357,2354,2355,-1,4,0,0,0
2358,2356,2357,-1,6,0,0,0
2359,1097,856,-1,4,0,0,0
2360,1081,-1,-1,4,0,0,0
2361,2358,2359,-1,6,0,0,0
2362,2360,854,-1,4,0,0,0
2363,2361,2362,-1,6,0,0,0
2364,2041,-1,-1,4,0,0,0
2365,2363,2364,-1,6,0,0,0
2366,18,52,-1,2,0,0,0
2367,112,158,-1,7,0,0,0
2368,186,191,-1,7,0,0,0
2369,2366,2367,-1,4,0,0,0
2370,2368,203,-1,7,0,0,0
2371,484,485,-1,4,0,0,0
2372,487,-1,-1,4,0,0,0
2373,2369,2370,-1,4,0,0,0
2374,2371,2372,-1,6,0,0,0
2375,483,769,-1,7,0,0,0
2376,489,-1,-1,4,0,0,0
2377,2373,2374,-1,6,0,0,0
2378,2375,2376,-1,2,0,0,0
2379,482,892,-1,2,0,0,0
2380,2377,2378,-1,6,0,0,0
2381,2379,2045,-1,4,0,0,0
2382,1258,898,-1,7,0,0,0
2383,2380,2381,-1,6,0,0,0
2384,2382,-1,-1,7,0,0,0
2385,2383,2384,-1,4,0,0,0
2386,296,-1,-1,4,0,0,0
2387,2386,-1,-1,4,0,0,0
2388,2387,-1,-1,4,0,0,0
2389,2388,-1,-1,4,0,0,0
2390,2389,2072,-1,4,0,0,0
2391,920,-1,-1,4,0,0,0
2392,2391,2076,-1,4,0,0,0
2393,44,182,-1,7,0,0,0
2394,2393,393,-1,7,0,0,0
2395,505,418,-1,7,0,0,0
2396,631,516,-1,2,0,0,0
2397,2394,2395,-1,7,0,0,0
2398,2396,539,-1,4,0,0,0
2399,802,515,-1,6,0,0,0
2400,723,-1,-1,7,0,0,0
2401,2397,2398,-1,2,0,0,0
2402,2399,2400,-1,4,0,0,0
2403,1095,-1,-1,7,0,0,0
2404,2401,2402,-1,6,0,0,0
2405,2403,1157,-1,7,0,0,0
2406,1631,-1,-1,4,0,0,0
2407,2404,2405,-1,4,0,0,0
2408,2406,-1,-1,4,0,0,0
2409,2407,2408,-1,6,0,0,0
2410,2392,-1,-1,7,0,0,0
2411,2409,2410,-1,4,0,0,0
2412,34,62,-1,6,0,0,0
2413,174,-1,-1,4,0,0,0
2414,2412,2413,-1,6,0,0,0
2415,194,631,-1,2,0,0,0
2416,547,635,-1,7,0,0,0
2417,2414,2415,-1,6,0,0,0
2418,2416,626,-1,2,0,0,0
2419,477,555,-1,7,0,0,0
2420,2417,2418,-1,6,0,0,0
2421,2419,447,-1,2,0,0,0
2422,1375,1007,-1,7,0,0,0
2423,2420,2421,-1,6,0,0,0
2424,2422,1176,-1,7,0,0,0
2425,2423,2424,-1,4,0,0,0
2426,2041,-1,-1,7,0,0,0
2427,2425,2426,-1,4,0,0,0
2428,2390,-1,-1,7,0,0,0
2429,2427,2428,-1,4,0,0,0
2430,33,132,-1,4,0,0,0
2431,148,164,-1,7,0,0,0
2432,176,-1,-1,4,0,0,0
2433,2430,2431,-1,4,0,0,0
2434,2432,203,-1,4,0,0,0
2435,228,372,-1,4,0,0,0
2436,633,221,-1,7,0,0,0
2437,2433,2434,-1,6,0,0,0
2438,2435,2436,-1,4,0,0,0
2439,463,912,-1,4,0,0,0
2440,921,-1,-1,4,0,0,0
2441,2437,2438,-1,6,0,0,0
2442,2439,2440,-1,6,0,0,0
2443,1005,1060,-1,4,0,0,0
2444,583,1161,-1,2,0,0,0
2445,458,-1,-1,4,0,0,0
2446,2441,2442,-1,6,0,0,0
2447,2443,2444,-1,6,0,0,0
2448,2445,-1,-1,4,0,0,0
2449,2446,2447,-1,6,0,0,0
2450,2448,-1,-1,4,0,0,0
2451,2449,2450,-1,6,0,0,0
2452,2307,-1,-1,4,0,0,0
2453,2451,2452,-1,6,0,0,0
2454,94,145,-1,2,0,0,0
2455,174,-1,-1,7,0,0,0
2456,2454,2455,-1,4,0,0,0
2457,194,250,-1,7,0,0,0
2458,238,335,-1,7,0,0,0
2459,2456,2457,-1,4,0,0,0
2460,2458,762,-1,7,0,0,0
2461,701,338,-1,7,0,0,0
2462,769,777,-1,2,0,0,0
2463,2459,2460,-1,4,0,0,0
2464,2461,2462,-1,2,0,0,0
2465,1116,767,-1,7,0,0,0
2466,772,775,-1,4,0,0,0
2467,2463,2464,-1,6,0,0,0
2468,2465,2466,-1,2,0,0,0
2469,1118,-1,-1,7,0,0,0
2470,2467,2468,-1,6,0,0,0
2471,2469,-1,-1,7,0,0,0
2472,2470,2471,-1,4,0,0,0
2473,2307,-1,-1,4,0,0,0
2474,2472,2473,-1,6,0,0,0
2475,6,7,-1,4,0,0,0
2476,20,127,-1,2,0,0,0
2477,167,-1,-1,4,0,0,0
2478,2475,2476,-1,6,0,0,0
2479,2477,224,-1,4,0,0,0
2480,241,207,-1,2,0,0,0
2481,506,396,-1,7,0,0,0
2482,2478,2479,-1,6,0,0,0
2483,2480,2481,-1,4,0,0,0
2484,508,921,-1,2,0,0,0
2485,2482,2483,-1,6,0,0,0
2486,2484,1073,-1,4,0,0,0
2487,923,892,-1,4,0,0,0
2488,2485,2486,-1,6,0,0,0
2489,2487,920,-1,6,0,0,0
2490,2488,2489,-1,6,0,0,0
2491,2490,2390,-1,4,0,0,0
2492,108,123,-1,6,0,0,0
2493,142,168,-1,4,0,0,0
2494,2492,2493,-1,6,0,0,0
2495,229,410,-1,4,0,0,0
2496,2494,2495,-1,6,0,0,0
2497,531,534,-1,7,0,0,0
2498,535,-1,-1,4,0,0,0
2499,2496,2497,-1,4,0,0,0
2500,2498,928,-1,6,0,0,0
2501,2499,2500,-1,6,0,0,0
2502,529,1118,-1,6,0,0,0
2503,2501,2502,-1,6,0,0,0
2504,2503,2392,-1,6,0,0,0
