2068,2093,2120,2607,2143,2166,2193,2216,2231,2253,1281,1306,2277,2630,1340,2309,1361,2334,2654,2358,2374,2397,1392,2419,1412,2446,2471,1442,1463,1486,1504,2494,1523,2513,1550,1576,1599,1624,1049,1647,2534,1672,1698,1727,1748,1773,1099,1797,2555,1822,1129,1849,1149,1876,2583,1174,1902,1922,1949,1966,1991,2013,1202,2041
192,69,133,-1,6,0,0,0
193,0,80,-1,4,0,0,0
194,39,167,-1,6,0,0,0
195,142,163,-1,6,0,0,0
196,59,61,-1,4,0,0,0
197,18,118,-1,4,0,0,0
198,57,74,-1,4,0,0,0
199,76,94,-1,4,0,0,0
200,99,128,-1,6,0,0,0
201,4,149,-1,6,0,0,0
202,119,183,-1,6,0,0,0
203,55,116,-1,4,0,0,0
204,17,83,-1,4,0,0,0
205,30,158,-1,6,0,0,0
206,79,81,-1,4,0,0,0
207,68,100,-1,4,0,0,0
208,96,145,-1,6,0,0,0
209,154,187,-1,4,0,0,0
210,112,114,-1,6,0,0,0
211,16,144,-1,6,0,0,0
212,117,125,-1,6,0,0,0
213,137,160,-1,4,0,0,0
214,46,165,-1,4,0,0,0
215,101,171,-1,4,0,0,0
216,34,98,-1,6,0,0,0
217,90,182,-1,4,0,0,0
218,93,188,-1,4,0,0,0
219,7,85,-1,4,0,0,0
220,73,111,-1,6,0,0,0
221,32,107,-1,4,0,0,0
222,42,106,-1,6,0,0,0
223,67,109,-1,6,0,0,0
224,37,101,-1,6,0,0,0
225,49,177,-1,6,0,0,0
226,109,173,-1,6,0,0,0
227,23,53,-1,6,0,0,0
228,9,47,-1,6,0,0,0
229,21,114,-1,4,0,0,0
230,82,121,-1,4,0,0,0
231,33,108,-1,4,0,0,0
232,94,127,-1,4,0,0,0
233,28,156,-1,6,0,0,0
234,8,186,-1,4,0,0,0
235,85,117,-1,4,0,0,0
236,93,-1,-1,4,0,0,0
237,236,222,-1,4,0,0,0
238,54,81,-1,4,0,0,0
239,136,180,-1,6,0,0,0
240,70,110,-1,6,0,0,0
241,35,60,-1,6,0,0,0
242,27,91,-1,6,0,0,0
243,45,51,-1,6,0,0,0
244,63,191,-1,6,0,0,0
245,68,80,-1,6,0,0,0
246,88,97,-1,6,0,0,0
247,167,182,-1,4,0,0,0
248,29,157,-1,6,0,0,0
249,91,155,-1,6,0,0,0
250,59,138,-1,4,0,0,0
251,2,134,-1,4,0,0,0
252,147,161,-1,4,0,0,0
253,78,94,-1,4,0,0,0
254,153,170,-1,4,0,0,0
255,30,51,-1,4,0,0,0
256,96,111,-1,4,0,0,0
257,113,179,-1,4,0,0,0
258,114,152,-1,4,0,0,0
259,24,52,-1,6,0,0,0
260,102,166,-1,6,0,0,0
261,72,180,-1,4,0,0,0
262,33,97,-1,6,0,0,0
263,122,186,-1,6,0,0,0
264,22,150,-1,6,0,0,0
265,8,72,-1,6,0,0,0
266,60,170,-1,6,0,0,0
267,28,40,-1,4,0,0,0
268,29,-1,-1,4,0,0,0
269,268,225,-1,4,0,0,0
270,52,149,-1,4,0,0,0
271,87,92,-1,4,0,0,0
272,189,-1,-1,4,0,0,0
273,272,222,-1,4,0,0,0
274,3,131,-1,6,0,0,0
275,23,116,-1,6,0,0,0
276,78,124,-1,6,0,0,0
277,90,152,-1,4,0,0,0
278,204,252,-1,4,0,0,0
279,14,19,-1,6,0,0,0
280,123,187,-1,6,0,0,0
281,50,178,-1,6,0,0,0
282,92,104,-1,4,0,0,0
283,1,65,-1,6,0,0,0
284,36,164,-1,6,0,0,0
285,156,169,-1,6,0,0,0
286,127,189,-1,6,0,0,0
287,76,79,-1,4,0,0,0
288,58,128,-1,4,0,0,0
289,15,170,-1,4,0,0,0
290,63,100,-1,6,0,0,0
291,41,84,-1,4,0,0,0
292,19,165,-1,6,0,0,0
293,63,164,-1,4,0,0,0
294,140,171,-1,4,0,0,0
295,15,97,-1,4,0,0,0
296,45,57,-1,4,0,0,0
297,47,50,-1,4,0,0,0
298,68,146,-1,4,0,0,0
299,31,60,-1,6,0,0,0
300,73,143,-1,6,0,0,0
301,139,168,-1,4,0,0,0
302,109,179,-1,4,0,0,0
303,1,12,-1,4,0,0,0
304,8,26,-1,4,0,0,0
305,36,49,-1,4,0,0,0
306,133,184,-1,4,0,0,0
307,39,-1,-1,4,0,0,0
308,307,239,-1,4,0,0,0
309,34,131,-1,4,0,0,0
310,4,20,-1,6,0,0,0
311,2,148,-1,4,0,0,0
312,95,159,-1,6,0,0,0
313,6,70,-1,6,0,0,0
314,65,-1,-1,4,0,0,0
315,314,212,-1,4,0,0,0
316,18,103,-1,4,0,0,0
317,15,108,-1,4,0,0,0
318,23,173,-1,4,0,0,0
319,25,160,-1,4,0,0,0
320,26,90,-1,6,0,0,0
321,82,93,-1,4,0,0,0
322,89,100,-1,6,0,0,0
323,153,-1,-1,4,0,0,0
324,323,205,-1,6,0,0,0
325,129,-1,-1,4,0,0,0
326,325,233,-1,4,0,0,0
327,61,75,-1,6,0,0,0
328,53,87,-1,4,0,0,0
329,103,118,-1,4,0,0,0
330,23,89,-1,4,0,0,0
331,146,-1,-1,4,0,0,0
332,331,230,-1,6,0,0,0
333,48,149,-1,6,0,0,0
334,66,-1,-1,4,0,0,0
335,334,210,-1,4,0,0,0
336,108,185,-1,6,0,0,0
337,128,-1,-1,4,0,0,0
338,337,207,-1,4,0,0,0
339,155,-1,-1,4,0,0,0
340,339,242,-1,6,0,0,0
341,71,135,-1,6,0,0,0
342,21,-1,-1,4,0,0,0
343,342,219,-1,4,0,0,0
344,59,-1,-1,4,0,0,0
345,344,280,-1,6,0,0,0
346,13,77,-1,6,0,0,0
347,75,110,-1,4,0,0,0
348,174,-1,-1,4,0,0,0
349,348,284,-1,6,0,0,0
350,19,87,-1,4,0,0,0
351,6,103,-1,4,0,0,0
352,134,175,-1,6,0,0,0
353,12,85,-1,4,0,0,0
354,83,112,-1,6,0,0,0
355,90,144,-1,6,0,0,0
356,169,178,-1,4,0,0,0
357,134,176,-1,4,0,0,0
358,115,179,-1,6,0,0,0
359,6,183,-1,6,0,0,0
360,85,-1,-1,4,0,0,0
361,360,333,-1,6,0,0,0
362,35,77,-1,4,0,0,0
363,174,-1,-1,4,0,0,0
364,363,205,-1,4,0,0,0
365,10,163,-1,4,0,0,0
366,67,174,-1,4,0,0,0
367,52,107,-1,6,0,0,0
368,10,62,-1,4,0,0,0
369,97,136,-1,4,0,0,0
370,145,149,-1,4,0,0,0
371,49,-1,-1,4,0,0,0
372,371,240,-1,6,0,0,0
373,34,168,-1,4,0,0,0
374,46,156,-1,4,0,0,0
375,61,146,-1,4,0,0,0
376,76,111,-1,4,0,0,0
377,92,132,-1,4,0,0,0
378,141,-1,-1,4,0,0,0
379,378,346,-1,6,0,0,0
380,176,-1,-1,4,0,0,0
381,380,218,-1,4,0,0,0
382,167,170,-1,4,0,0,0
383,55,171,-1,4,0,0,0
384,83,-1,-1,4,0,0,0
385,384,202,-1,4,0,0,0
386,110,124,-1,4,0,0,0
387,82,-1,-1,4,0,0,0
388,387,220,-1,6,0,0,0
389,130,136,-1,6,0,0,0
390,157,-1,-1,4,0,0,0
391,390,228,-1,4,0,0,0
392,138,-1,-1,4,0,0,0
393,392,231,-1,4,0,0,0
394,40,97,-1,6,0,0,0
395,188,190,-1,4,0,0,0
396,25,72,-1,6,0,0,0
397,29,50,-1,6,0,0,0
398,40,104,-1,6,0,0,0
399,58,84,-1,6,0,0,0
400,13,116,-1,4,0,0,0
401,145,-1,-1,4,0,0,0
402,401,222,-1,4,0,0,0
403,98,99,-1,4,0,0,0
404,3,-1,-1,4,0,0,0
405,404,373,-1,4,0,0,0
406,10,74,-1,6,0,0,0
407,12,38,-1,4,0,0,0
408,88,152,-1,6,0,0,0
409,148,-1,-1,4,0,0,0
410,409,310,-1,6,0,0,0
411,320,276,-1,4,0,0,0
412,80,-1,-1,4,0,0,0
413,412,209,-1,6,0,0,0
414,120,-1,-1,4,0,0,0
415,414,233,-1,6,0,0,0
416,5,-1,-1,4,0,0,0
417,416,192,-1,6,0,0,0
418,64,120,-1,4,0,0,0
419,35,143,-1,4,0,0,0
420,51,68,-1,6,0,0,0
421,121,-1,-1,4,0,0,0
422,421,-1,-1,4,0,0,0
423,422,417,-1,4,0,0,0
424,165,-1,-1,4,0,0,0
425,424,238,-1,4,0,0,0
426,17,157,-1,6,0,0,0
427,1,44,-1,4,0,0,0
428,119,125,-1,4,0,0,0
429,50,-1,-1,4,0,0,0
430,429,240,-1,4,0,0,0
431,14,24,-1,4,0,0,0
432,11,75,-1,6,0,0,0
433,76,140,-1,6,0,0,0
434,168,-1,-1,4,0,0,0
435,434,398,-1,6,0,0,0
436,116,-1,-1,4,0,0,0
437,436,260,-1,4,0,0,0
438,0,56,-1,4,0,0,0
439,129,184,-1,4,0,0,0
440,57,188,-1,4,0,0,0
441,32,160,-1,6,0,0,0
442,37,96,-1,6,0,0,0
443,23,-1,-1,4,0,0,0
444,443,432,-1,4,0,0,0
445,43,44,-1,6,0,0,0
446,163,-1,-1,4,0,0,0
447,446,241,-1,6,0,0,0
448,0,162,-1,4,0,0,0
449,41,183,-1,4,0,0,0
450,26,117,-1,4,0,0,0
451,84,126,-1,4,0,0,0
452,74,-1,-1,4,0,0,0
453,452,418,-1,4,0,0,0
454,188,-1,-1,4,0,0,0
455,454,-1,-1,4,0,0,0
456,455,417,-1,4,0,0,0
457,160,-1,-1,4,0,0,0
458,457,216,-1,4,0,0,0
459,142,-1,-1,4,0,0,0
460,459,238,-1,6,0,0,0
461,99,-1,-1,4,0,0,0
462,461,241,-1,6,0,0,0
463,33,160,-1,4,0,0,0
464,148,188,-1,6,0,0,0
465,172,190,-1,6,0,0,0
466,27,157,-1,4,0,0,0
467,19,129,-1,4,0,0,0
468,54,-1,-1,4,0,0,0
469,468,207,-1,6,0,0,0
470,341,276,-1,6,0,0,0
471,66,-1,-1,4,0,0,0
472,471,-1,-1,4,0,0,0
473,472,379,-1,4,0,0,0
474,86,-1,-1,4,0,0,0
475,474,282,-1,6,0,0,0
476,32,-1,-1,4,0,0,0
477,476,212,-1,6,0,0,0
478,64,98,-1,6,0,0,0
479,432,299,-1,6,0,0,0
480,62,-1,-1,4,0,0,0
481,480,231,-1,4,0,0,0
482,118,182,-1,6,0,0,0
483,58,119,-1,4,0,0,0
484,113,124,-1,4,0,0,0
485,39,91,-1,4,0,0,0
486,41,105,-1,6,0,0,0
487,2,66,-1,6,0,0,0
488,284,438,-1,6,0,0,0
489,8,96,-1,4,0,0,0
490,1,-1,-1,4,0,0,0
491,490,451,-1,4,0,0,0
492,138,-1,-1,4,0,0,0
493,492,406,-1,6,0,0,0
494,45,-1,-1,4,0,0,0
495,494,281,-1,6,0,0,0
496,7,-1,-1,4,0,0,0
497,496,341,-1,6,0,0,0
498,131,-1,-1,4,0,0,0
499,498,439,-1,6,0,0,0
500,21,-1,-1,4,0,0,0
501,500,239,-1,4,0,0,0
502,56,176,-1,4,0,0,0
503,101,163,-1,4,0,0,0
504,78,-1,-1,4,0,0,0
505,504,418,-1,6,0,0,0
506,5,65,-1,4,0,0,0
507,89,-1,-1,4,0,0,0
508,507,211,-1,6,0,0,0
509,146,-1,-1,4,0,0,0
510,509,489,-1,6,0,0,0
511,4,-1,-1,4,0,0,0
512,511,259,-1,6,0,0,0
513,112,134,-1,4,0,0,0
514,79,95,-1,6,0,0,0
515,127,176,-1,6,0,0,0
516,20,-1,-1,4,0,0,0
517,516,282,-1,4,0,0,0
518,54,168,-1,4,0,0,0
519,51,-1,-1,4,0,0,0
520,519,358,-1,6,0,0,0
521,102,127,-1,6,0,0,0
522,67,185,-1,4,0,0,0
523,140,177,-1,6,0,0,0
524,395,-1,-1,4,0,0,0
525,524,-1,-1,4,0,0,0
526,525,423,-1,4,0,0,0
527,107,117,-1,6,0,0,0
528,105,-1,-1,4,0,0,0
529,528,285,-1,6,0,0,0
530,239,200,-1,6,0,0,0
531,486,263,-1,6,0,0,0
532,30,-1,-1,4,0,0,0
533,532,466,-1,4,0,0,0
534,94,-1,-1,4,0,0,0
535,534,328,-1,4,0,0,0
536,293,356,-1,4,0,0,0
537,24,-1,-1,4,0,0,0
538,537,-1,-1,4,0,0,0
539,538,493,-1,4,0,0,0
540,71,179,-1,6,0,0,0
541,34,90,-1,4,0,0,0
542,19,172,-1,4,0,0,0
543,36,187,-1,4,0,0,0
544,56,-1,-1,4,0,0,0
545,544,407,-1,4,0,0,0
546,81,95,-1,4,0,0,0
547,88,141,-1,4,0,0,0
548,159,-1,-1,4,0,0,0
549,548,403,-1,4,0,0,0
550,84,-1,-1,4,0,0,0
551,550,244,-1,6,0,0,0
552,243,441,-1,6,0,0,0
553,151,174,-1,4,0,0,0
554,8,46,-1,4,0,0,0
555,150,-1,-1,4,0,0,0
556,555,193,-1,4,0,0,0
557,137,-1,-1,4,0,0,0
558,557,328,-1,6,0,0,0
559,33,-1,-1,4,0,0,0
560,559,329,-1,6,0,0,0
561,53,-1,-1,4,0,0,0
562,561,-1,-1,4,0,0,0
563,562,435,-1,6,0,0,0
564,47,-1,-1,4,0,0,0
565,564,403,-1,4,0,0,0
566,149,-1,-1,4,0,0,0
567,566,433,-1,4,0,0,0
568,162,-1,-1,4,0,0,0
569,568,408,-1,6,0,0,0
570,148,-1,-1,4,0,0,0
571,570,431,-1,6,0,0,0
572,224,214,-1,4,0,0,0
573,143,-1,-1,4,0,0,0
574,573,389,-1,6,0,0,0
575,0,75,-1,6,0,0,0
576,139,159,-1,6,0,0,0
577,97,-1,-1,4,0,0,0
578,577,-1,-1,4,0,0,0
579,578,497,-1,6,0,0,0
580,366,283,-1,6,0,0,0
581,29,-1,-1,4,0,0,0
582,581,210,-1,4,0,0,0
583,16,-1,-1,4,0,0,0
584,583,224,-1,6,0,0,0
585,25,171,-1,4,0,0,0
586,124,-1,-1,4,0,0,0
587,586,486,-1,4,0,0,0
588,128,-1,-1,4,0,0,0
589,588,244,-1,4,0,0,0
590,46,87,-1,4,0,0,0
591,266,-1,-1,4,0,0,0
592,591,497,-1,6,0,0,0
593,82,146,-1,6,0,0,0
594,33,61,-1,4,0,0,0
595,523,-1,-1,7,0,0,0
596,595,413,-1,2,0,0,0
597,11,-1,-1,4,0,0,0
598,597,465,-1,6,0,0,0
599,169,-1,-1,4,0,0,0
600,599,-1,-1,4,0,0,0
601,600,531,-1,6,0,0,0
602,180,-1,-1,4,0,0,0
603,602,264,-1,6,0,0,0
604,218,330,-1,4,0,0,0
605,87,139,-1,4,0,0,0
606,10,-1,-1,4,0,0,0
607,606,329,-1,4,0,0,0
608,101,145,-1,4,0,0,0
609,111,114,-1,6,0,0,0
610,136,-1,-1,4,0,0,0
611,610,295,-1,4,0,0,0
612,130,-1,-1,4,0,0,0
613,612,403,-1,6,0,0,0
614,164,-1,-1,4,0,0,0
615,614,419,-1,4,0,0,0
616,17,-1,-1,4,0,0,0
617,616,283,-1,4,0,0,0
618,64,100,-1,4,0,0,0
619,130,-1,-1,4,0,0,0
620,619,293,-1,4,0,0,0
621,59,-1,-1,4,0,0,0
622,621,-1,-1,4,0,0,0
623,622,410,-1,6,0,0,0
624,13,55,-1,4,0,0,0
625,70,-1,-1,4,0,0,0
626,625,368,-1,6,0,0,0
627,11,53,-1,4,0,0,0
628,170,191,-1,4,0,0,0
629,106,151,-1,6,0,0,0
630,281,-1,-1,4,0,0,0
631,630,447,-1,6,0,0,0
632,14,154,-1,4,0,0,0
633,66,162,-1,4,0,0,0
634,158,-1,-1,4,0,0,0
635,634,232,-1,6,0,0,0
636,24,106,-1,4,0,0,0
637,83,-1,-1,4,0,0,0
638,637,274,-1,6,0,0,0
639,120,-1,-1,4,0,0,0
640,639,195,-1,6,0,0,0
641,54,-1,-1,4,0,0,0
642,641,260,-1,4,0,0,0
643,241,295,-1,6,0,0,0
644,115,155,-1,4,0,0,0
645,16,27,-1,6,0,0,0
646,121,188,-1,6,0,0,0
647,76,102,-1,4,0,0,0
648,30,66,-1,4,0,0,0
649,38,72,-1,4,0,0,0
650,18,184,-1,6,0,0,0
651,15,147,-1,4,0,0,0
652,593,-1,-1,4,0,0,0
653,652,558,-1,6,0,0,0
654,445,465,-1,6,0,0,0
655,126,-1,-1,4,0,0,0
656,655,-1,-1,4,0,0,0
657,656,481,-1,6,0,0,0
658,148,-1,-1,4,0,0,0
659,658,-1,-1,4,0,0,0
660,659,415,-1,4,0,0,0
661,417,560,-1,6,0,0,0
662,84,112,-1,4,0,0,0
663,47,94,-1,4,0,0,0
664,69,-1,-1,4,0,0,0
665,664,484,-1,4,0,0,0
666,91,-1,-1,4,0,0,0
667,666,-1,-1,4,0,0,0
668,667,493,-1,6,0,0,0
669,119,-1,-1,4,0,0,0
670,669,-1,-1,4,0,0,0
671,670,335,-1,6,0,0,0
672,45,109,-1,6,0,0,0
673,79,172,-1,4,0,0,0
674,226,644,-1,4,0,0,0
675,133,150,-1,6,0,0,0
676,646,-1,-1,4,0,0,0
677,676,495,-1,6,0,0,0
678,585,227,-1,4,0,0,0
679,18,28,-1,4,0,0,0
680,7,186,-1,4,0,0,0
681,20,-1,-1,4,0,0,0
682,681,487,-1,4,0,0,0
683,48,-1,-1,4,0,0,0
684,683,407,-1,4,0,0,0
685,106,-1,-1,4,0,0,0
686,685,223,-1,6,0,0,0
687,94,-1,-1,4,0,0,0
688,687,254,-1,4,0,0,0
689,69,123,-1,4,0,0,0
690,373,-1,-1,4,0,0,0
691,690,654,-1,6,0,0,0
692,71,-1,-1,4,0,0,0
693,692,-1,-1,4,0,0,0
694,693,569,-1,4,0,0,0
695,107,-1,-1,4,0,0,0
696,695,211,-1,4,0,0,0
697,175,181,-1,4,0,0,0
698,51,-1,-1,4,0,0,0
699,698,-1,-1,4,0,0,0
700,699,512,-1,6,0,0,0
701,253,-1,-1,4,0,0,0
702,701,-1,-1,4,0,0,0
703,702,657,-1,6,0,0,0
704,26,43,-1,4,0,0,0
705,142,-1,-1,4,0,0,0
706,705,209,-1,4,0,0,0
707,72,-1,-1,4,0,0,0
708,707,406,-1,4,0,0,0
709,54,141,-1,6,0,0,0
710,16,128,-1,4,0,0,0
711,43,-1,-1,4,0,0,0
712,711,195,-1,6,0,0,0
713,123,-1,-1,4,0,0,0
714,713,196,-1,6,0,0,0
715,162,-1,-1,4,0,0,0
716,715,199,-1,4,0,0,0
717,202,203,-1,6,0,0,0
718,147,-1,-1,4,0,0,0
719,718,204,-1,4,0,0,0
720,102,-1,-1,4,0,0,0
721,720,205,-1,6,0,0,0
722,135,-1,-1,4,0,0,0
723,722,206,-1,6,0,0,0
724,132,-1,-1,4,0,0,0
725,724,207,-1,6,0,0,0
726,120,-1,-1,4,0,0,0
727,726,208,-1,4,0,0,0
728,178,-1,-1,4,0,0,0
729,728,209,-1,4,0,0,0
730,31,-1,-1,4,0,0,0
731,730,211,-1,6,0,0,0
732,11,-1,-1,4,0,0,0
733,732,213,-1,6,0,0,0
734,214,215,-1,4,0,0,0
735,122,-1,-1,4,0,0,0
736,735,216,-1,6,0,0,0
737,12,-1,-1,4,0,0,0
738,737,218,-1,4,0,0,0
739,175,-1,-1,4,0,0,0
740,739,220,-1,6,0,0,0
741,104,-1,-1,4,0,0,0
742,741,221,-1,4,0,0,0
743,222,223,-1,6,0,0,0
744,113,-1,-1,4,0,0,0
745,744,225,-1,6,0,0,0
746,89,-1,-1,4,0,0,0
747,746,226,-1,4,0,0,0
748,36,-1,-1,4,0,0,0
749,748,228,-1,6,0,0,0
750,71,-1,-1,4,0,0,0
751,750,230,-1,4,0,0,0
752,231,232,-1,4,0,0,0
753,137,-1,-1,4,0,0,0
754,753,233,-1,6,0,0,0
755,238,197,-1,4,0,0,0
756,52,-1,-1,4,0,0,0
757,756,239,-1,6,0,0,0
758,162,-1,-1,4,0,0,0
759,758,240,-1,4,0,0,0
760,241,194,-1,6,0,0,0
761,242,-1,-1,4,0,0,0
762,761,712,-1,4,0,0,0
763,44,-1,-1,4,0,0,0
764,763,243,-1,6,0,0,0
765,244,201,-1,6,0,0,0
766,245,246,-1,6,0,0,0
767,39,-1,-1,4,0,0,0
768,767,247,-1,6,0,0,0
769,93,-1,-1,4,0,0,0
770,769,248,-1,6,0,0,0
771,42,-1,-1,4,0,0,0
772,771,252,-1,4,0,0,0
773,177,-1,-1,4,0,0,0
774,773,254,-1,4,0,0,0
775,123,-1,-1,4,0,0,0
776,775,259,-1,4,0,0,0
777,38,-1,-1,4,0,0,0
778,777,260,-1,6,0,0,0
779,192,261,-1,4,0,0,0
780,189,-1,-1,4,0,0,0
781,780,262,-1,4,0,0,0
782,164,-1,-1,4,0,0,0
783,782,263,-1,6,0,0,0
784,86,-1,-1,4,0,0,0
785,784,264,-1,6,0,0,0
786,44,-1,-1,4,0,0,0
787,786,265,-1,6,0,0,0
788,274,275,-1,4,0,0,0
789,276,277,-1,4,0,0,0
790,208,279,-1,4,0,0,0
791,196,280,-1,6,0,0,0
792,67,-1,-1,4,0,0,0
793,792,281,-1,6,0,0,0
794,186,-1,-1,4,0,0,0
795,794,290,-1,4,0,0,0
796,158,-1,-1,4,0,0,0
797,796,-1,-1,4,0,0,0
798,797,745,-1,4,0,0,0
799,161,-1,-1,4,0,0,0
800,799,295,-1,4,0,0,0
801,77,-1,-1,4,0,0,0
802,801,299,-1,4,0,0,0
803,78,-1,-1,4,0,0,0
804,803,300,-1,4,0,0,0
805,250,302,-1,4,0,0,0
806,303,304,-1,4,0,0,0
807,41,-1,-1,4,0,0,0
808,807,306,-1,4,0,0,0
809,213,309,-1,6,0,0,0
810,310,-1,-1,4,0,0,0
811,810,742,-1,4,0,0,0
812,311,267,-1,4,0,0,0
813,31,-1,-1,4,0,0,0
814,813,312,-1,6,0,0,0
815,282,316,-1,4,0,0,0
816,12,-1,-1,4,0,0,0
817,816,317,-1,4,0,0,0
818,284,-1,-1,4,0,0,0
819,818,745,-1,4,0,0,0
820,154,-1,-1,4,0,0,0
821,820,320,-1,6,0,0,0
822,322,-1,-1,7,0,0,0
823,822,787,-1,2,0,0,0
824,286,-1,-1,4,0,0,0
825,824,324,-1,4,0,0,0
826,327,-1,-1,7,0,0,0
827,826,326,-1,2,0,0,0
828,80,-1,-1,4,0,0,0
829,828,328,-1,6,0,0,0
830,165,-1,-1,4,0,0,0
831,830,333,-1,6,0,0,0
832,22,-1,-1,4,0,0,0
833,832,336,-1,6,0,0,0
834,175,-1,-1,4,0,0,0
835,834,-1,-1,4,0,0,0
836,835,340,-1,4,0,0,0
837,341,-1,-1,4,0,0,0
838,837,343,-1,4,0,0,0
839,74,-1,-1,4,0,0,0
840,839,-1,-1,4,0,0,0
841,840,345,-1,4,0,0,0
842,346,347,-1,6,0,0,0
843,0,-1,-1,4,0,0,0
844,843,-1,-1,4,0,0,0
845,844,814,-1,4,0,0,0
846,28,-1,-1,4,0,0,0
847,846,351,-1,4,0,0,0
848,213,352,-1,6,0,0,0
849,191,-1,-1,4,0,0,0
850,849,-1,-1,4,0,0,0
851,850,768,-1,4,0,0,0
852,353,354,-1,4,0,0,0
853,187,-1,-1,4,0,0,0
854,853,357,-1,4,0,0,0
855,358,-1,-1,4,0,0,0
856,855,774,-1,4,0,0,0
857,166,-1,-1,4,0,0,0
858,857,362,-1,6,0,0,0
859,328,365,-1,4,0,0,0
860,366,274,-1,6,0,0,0
861,138,-1,-1,4,0,0,0
862,861,368,-1,6,0,0,0
863,187,-1,-1,4,0,0,0
864,863,-1,-1,4,0,0,0
865,864,372,-1,6,0,0,0
866,9,-1,-1,4,0,0,0
867,866,373,-1,4,0,0,0
868,135,-1,-1,4,0,0,0
869,868,-1,-1,4,0,0,0
870,869,379,-1,4,0,0,0
871,351,382,-1,4,0,0,0
872,383,-1,-1,4,0,0,0
873,872,385,-1,4,0,0,0
874,112,-1,-1,4,0,0,0
875,874,389,-1,4,0,0,0
876,349,393,-1,4,0,0,0
877,127,-1,-1,4,0,0,0
878,877,394,-1,6,0,0,0
879,719,754,-1,6,0,0,0
880,161,-1,-1,4,0,0,0
881,880,395,-1,6,0,0,0
882,199,396,-1,4,0,0,0
883,398,399,-1,6,0,0,0
884,403,-1,-1,4,0,0,0
885,884,405,-1,4,0,0,0
886,406,212,-1,4,0,0,0
887,166,-1,-1,4,0,0,0
888,887,407,-1,4,0,0,0
889,408,333,-1,4,0,0,0
890,132,-1,-1,4,0,0,0
891,890,-1,-1,4,0,0,0
892,891,410,-1,6,0,0,0
893,413,415,-1,4,0,0,0
894,122,-1,-1,4,0,0,0
895,894,-1,-1,4,0,0,0
896,895,785,-1,6,0,0,0
897,155,-1,-1,4,0,0,0
898,897,-1,-1,4,0,0,0
899,898,430,-1,6,0,0,0
900,86,-1,-1,4,0,0,0
901,900,431,-1,4,0,0,0
902,139,-1,-1,4,0,0,0
903,902,432,-1,6,0,0,0
904,435,437,-1,6,0,0,0
905,439,440,-1,4,0,0,0
906,445,-1,-1,4,0,0,0
907,906,714,-1,4,0,0,0
908,52,-1,-1,4,0,0,0
909,908,451,-1,4,0,0,0
910,18,-1,-1,4,0,0,0
911,910,-1,-1,4,0,0,0
912,911,462,-1,4,0,0,0
913,357,-1,-1,4,0,0,0
914,913,831,-1,4,0,0,0
915,122,-1,-1,4,0,0,0
916,915,-1,-1,4,0,0,0
917,916,475,-1,4,0,0,0
918,478,-1,-1,7,0,0,0
919,918,477,-1,2,0,0,0
920,209,-1,-1,4,0,0,0
921,920,747,-1,4,0,0,0
922,482,-1,-1,4,0,0,0
923,922,481,-1,6,0,0,0
924,418,484,-1,4,0,0,0
925,57,-1,-1,4,0,0,0
926,925,486,-1,4,0,0,0
927,140,-1,-1,4,0,0,0
928,927,487,-1,6,0,0,0
929,129,-1,-1,4,0,0,0
930,929,489,-1,4,0,0,0
931,332,491,-1,4,0,0,0
932,116,-1,-1,4,0,0,0
933,932,-1,-1,4,0,0,0
934,933,497,-1,6,0,0,0
935,506,-1,-1,7,0,0,0
936,935,505,-1,2,0,0,0
937,194,-1,-1,4,0,0,0
938,937,512,-1,4,0,0,0
939,3,-1,-1,4,0,0,0
940,939,-1,-1,4,0,0,0
941,940,740,-1,6,0,0,0
942,40,-1,-1,4,0,0,0
943,942,518,-1,4,0,0,0
944,108,-1,-1,4,0,0,0
945,944,523,-1,4,0,0,0
946,92,-1,-1,4,0,0,0
947,946,527,-1,6,0,0,0
948,126,-1,-1,4,0,0,0
949,948,-1,-1,4,0,0,0
950,949,712,-1,4,0,0,0
951,451,-1,-1,4,0,0,0
952,951,-1,-1,4,0,0,0
953,952,892,-1,6,0,0,0
954,62,-1,-1,4,0,0,0
955,954,-1,-1,4,0,0,0
956,955,821,-1,4,0,0,0
957,373,-1,-1,4,0,0,0
958,957,-1,-1,4,0,0,0
959,958,539,-1,6,0,0,0
960,542,543,-1,6,0,0,0
961,96,-1,-1,4,0,0,0
962,961,-1,-1,4,0,0,0
963,962,747,-1,4,0,0,0
964,193,-1,-1,4,0,0,0
965,964,721,-1,4,0,0,0
966,283,-1,-1,4,0,0,0
967,966,551,-1,6,0,0,0
968,7,-1,-1,4,0,0,0
969,968,553,-1,4,0,0,0
970,115,-1,-1,4,0,0,0
971,970,-1,-1,4,0,0,0
972,971,556,-1,4,0,0,0
973,144,-1,-1,4,0,0,0
974,973,-1,-1,4,0,0,0
975,974,558,-1,4,0,0,0
976,55,-1,-1,4,0,0,0
977,976,-1,-1,4,0,0,0
978,977,569,-1,6,0,0,0
979,860,520,-1,4,0,0,0
980,247,-1,-1,4,0,0,0
981,980,572,-1,6,0,0,0
982,184,-1,-1,4,0,0,0
983,982,-1,-1,4,0,0,0
984,983,768,-1,4,0,0,0
985,93,-1,-1,4,0,0,0
986,985,576,-1,6,0,0,0
987,228,-1,-1,4,0,0,0
988,987,580,-1,6,0,0,0
989,521,-1,-1,4,0,0,0
990,989,582,-1,6,0,0,0
991,487,-1,-1,4,0,0,0
992,991,584,-1,6,0,0,0
993,228,585,-1,6,0,0,0
994,420,-1,-1,4,0,0,0
995,994,589,-1,4,0,0,0
996,38,-1,-1,4,0,0,0
997,996,590,-1,6,0,0,0
998,903,388,-1,6,0,0,0
999,153,-1,-1,4,0,0,0
1000,999,593,-1,6,0,0,0
1001,37,-1,-1,4,0,0,0
1002,1001,-1,-1,4,0,0,0
1003,1002,772,-1,4,0,0,0
1004,125,-1,-1,4,0,0,0
1005,1004,594,-1,4,0,0,0
1006,248,-1,-1,4,0,0,0
1007,1006,604,-1,6,0,0,0
1008,553,605,-1,6,0,0,0
1009,551,924,-1,6,0,0,0
1010,140,-1,-1,4,0,0,0
1011,1010,-1,-1,4,0,0,0
1012,1011,613,-1,4,0,0,0
1013,198,624,-1,6,0,0,0
1014,518,627,-1,6,0,0,0
1015,88,-1,-1,4,0,0,0
1016,1015,636,-1,6,0,0,0
1017,170,-1,-1,4,0,0,0
1018,1017,-1,-1,4,0,0,0
1019,1018,642,-1,6,0,0,0
1020,240,651,-1,6,0,0,0
1021,164,-1,-1,4,0,0,0
1022,1021,-1,-1,4,0,0,0
1023,1022,815,-1,4,0,0,0
1024,1,6,-1,7,0,0,0
1025,12,47,-1,7,0,0,0
1026,54,109,-1,6,0,0,0
1027,122,-1,-1,7,0,0,0
1028,1024,1025,-1,7,0,0,0
1029,1026,1027,-1,4,0,0,0
1030,247,219,-1,7,0,0,0
1031,198,450,-1,2,0,0,0
1032,662,515,-1,2,0,0,0
1033,1028,1029,-1,2,0,0,0
1034,1030,1031,-1,2,0,0,0
1035,1032,379,-1,6,0,0,0
1036,340,470,-1,4,0,0,0
1037,567,536,-1,6,0,0,0
1038,603,-1,-1,7,0,0,0
1039,1033,1034,-1,6,0,0,0
1040,1035,1036,-1,6,0,0,0
1041,1037,1038,-1,4,0,0,0
1042,563,661,-1,7,0,0,0
1043,623,-1,-1,7,0,0,0
1044,1039,1040,-1,6,0,0,0
1045,1041,1042,-1,4,0,0,0
1046,1043,-1,-1,7,0,0,0
1047,1044,1045,-1,6,0,0,0
1048,1046,-1,-1,7,0,0,0
1049,1047,1048,-1,4,0,0,0
1050,216,-1,-1,4,0,0,0
1051,1050,778,-1,6,0,0,0
1052,103,-1,-1,4,0,0,0
1053,1052,663,-1,4,0,0,0
1054,358,-1,-1,4,0,0,0
1055,1054,665,-1,4,0,0,0
1056,226,-1,-1,4,0,0,0
1057,1056,960,-1,4,0,0,0
1058,265,-1,-1,4,0,0,0
1059,1058,814,-1,6,0,0,0
1060,5,-1,-1,4,0,0,0
1061,1060,-1,-1,4,0,0,0
1062,1061,714,-1,4,0,0,0
1063,14,-1,-1,4,0,0,0
1064,1063,-1,-1,4,0,0,0
1065,1064,862,-1,4,0,0,0
1066,49,-1,-1,4,0,0,0
1067,1066,-1,-1,4,0,0,0
1068,1067,716,-1,4,0,0,0
1069,163,-1,-1,4,0,0,0
1070,1069,679,-1,6,0,0,0
1071,49,-1,-1,4,0,0,0
1072,1071,-1,-1,4,0,0,0
1073,1072,723,-1,4,0,0,0
1074,60,-1,-1,4,0,0,0
1075,1074,-1,-1,4,0,0,0
1076,1075,993,-1,4,0,0,0
1077,38,61,-1,7,0,0,0
1078,64,78,-1,7,0,0,0
1079,97,-1,-1,7,0,0,0
1080,1077,1078,-1,7,0,0,0
1081,1079,254,-1,7,0,0,0
1082,399,367,-1,4,0,0,0
1083,336,296,-1,2,0,0,0
1084,271,650,-1,7,0,0,0
1085,675,-1,-1,7,0,0,0
1086,1080,1081,-1,7,0,0,0
1087,1082,1083,-1,6,0,0,0
1088,1084,1085,-1,7,0,0,0
1089,340,531,-1,2,0,0,0
1090,882,565,-1,4,0,0,0
1091,508,686,-1,2,0,0,0
1092,858,-1,-1,7,0,0,0
1093,1086,1087,-1,2,0,0,0
1094,1088,1089,-1,2,0,0,0
1095,1090,1091,-1,6,0,0,0
1096,1092,-1,-1,7,0,0,0
1097,1093,1094,-1,6,0,0,0
1098,1095,1096,-1,4,0,0,0
1099,1097,1098,-1,6,0,0,0
1100,358,689,-1,6,0,0,0
1101,696,-1,-1,4,0,0,0
1102,1101,631,-1,6,0,0,0
1103,2,56,-1,4,0,0,0
1104,123,128,-1,6,0,0,0
1105,151,-1,-1,4,0,0,0
1106,1103,1104,-1,6,0,0,0
1107,1105,445,-1,4,0,0,0
1108,285,540,-1,2,0,0,0
1109,250,467,-1,7,0,0,0
1110,576,377,-1,4,0,0,0
1111,697,-1,-1,7,0,0,0
1112,1106,1107,-1,6,0,0,0
1113,1108,1109,-1,4,0,0,0
1114,1110,1111,-1,4,0,0,0
1115,324,642,-1,4,0,0,0
1116,800,477,-1,4,0,0,0
1117,501,615,-1,7,0,0,0
1118,1013,-1,-1,7,0,0,0
1119,1112,1113,-1,6,0,0,0
1120,1114,1115,-1,6,0,0,0
1121,1116,1117,-1,4,0,0,0
1122,1118,896,-1,7,0,0,0
1123,975,700,-1,4,0,0,0
1124,1119,1120,-1,6,0,0,0
1125,1121,1122,-1,4,0,0,0
1126,1123,703,-1,4,0,0,0
1127,1124,1125,-1,6,0,0,0
1128,1126,-1,-1,4,0,0,0
1129,1127,1128,-1,6,0,0,0
1130,168,189,-1,7,0,0,0
1131,1130,224,-1,2,0,0,0
1132,353,394,-1,7,0,0,0
1133,645,426,-1,7,0,0,0
1134,704,547,-1,7,0,0,0
1135,1131,1132,-1,4,0,0,0
1136,1133,1134,-1,7,0,0,0
1137,903,335,-1,7,0,0,0
1138,326,802,-1,6,0,0,0
1139,706,886,-1,4,0,0,0
1140,1135,1136,-1,4,0,0,0
1141,1137,1138,-1,2,0,0,0
1142,1139,798,-1,4,0,0,0
1143,914,700,-1,7,0,0,0
1144,1140,1141,-1,6,0,0,0
1145,1142,1143,-1,4,0,0,0
1146,526,703,-1,2,0,0,0
1147,1144,1145,-1,6,0,0,0
1148,1146,-1,-1,4,0,0,0
1149,1147,1148,-1,6,0,0,0
1150,86,-1,-1,4,0,0,0
1151,1150,-1,-1,4,0,0,0
1152,1151,1000,-1,6,0,0,0
1153,14,40,-1,4,0,0,0
1154,126,129,-1,6,0,0,0
1155,132,137,-1,7,0,0,0
1156,1153,1154,-1,6,0,0,0
1157,1155,224,-1,2,0,0,0
1158,248,290,-1,7,0,0,0
1159,478,554,-1,6,0,0,0
1160,1156,1157,-1,6,0,0,0
1161,1158,1159,-1,2,0,0,0
1162,556,678,-1,7,0,0,0
1163,530,-1,-1,4,0,0,0
1164,1160,1161,-1,6,0,0,0
1165,1162,1163,-1,2,0,0,0
1166,934,456,-1,6,0,0,0
1167,876,1152,-1,7,0,0,0
1168,691,-1,-1,4,0,0,0
1169,1164,1165,-1,6,0,0,0
1170,1166,1167,-1,4,0,0,0
1171,1168,1102,-1,6,0,0,0
1172,1169,1170,-1,6,0,0,0
1173,1171,-1,-1,4,0,0,0
1174,1172,1173,-1,6,0,0,0
1175,0,22,-1,6,0,0,0
1176,29,34,-1,4,0,0,0
1177,104,113,-1,4,0,0,0
1178,136,158,-1,6,0,0,0
1179,1175,1176,-1,6,0,0,0
1180,1177,1178,-1,6,0,0,0
1181,231,293,-1,6,0,0,0
1182,243,197,-1,4,0,0,0
1183,527,627,-1,7,0,0,0
1184,229,483,-1,6,0,0,0
1185,710,375,-1,2,0,0,0
1186,1179,1180,-1,6,0,0,0
1187,1181,1182,-1,6,0,0,0
1188,1183,1184,-1,2,0,0,0
1189,1185,654,-1,6,0,0,0
1190,469,776,-1,6,0,0,0
1191,706,789,-1,6,0,0,0
1192,1186,1187,-1,6,0,0,0
1193,1188,1189,-1,6,0,0,0
1194,1190,1191,-1,6,0,0,0
1195,1065,1076,-1,6,0,0,0
1196,579,601,-1,6,0,0,0
1197,1192,1193,-1,6,0,0,0
1198,1194,1195,-1,6,0,0,0
1199,1196,953,-1,6,0,0,0
1200,1197,1198,-1,6,0,0,0
1201,1199,-1,-1,4,0,0,0
1202,1200,1201,-1,6,0,0,0
1203,95,-1,-1,4,0,0,0
1204,1203,-1,-1,4,0,0,0
1205,1204,723,-1,4,0,0,0
1206,110,-1,-1,4,0,0,0
1207,1206,-1,-1,4,0,0,0
1208,1207,725,-1,4,0,0,0
1209,210,-1,-1,4,0,0,0
1210,1209,731,-1,4,0,0,0
1211,212,-1,-1,4,0,0,0
1212,1211,733,-1,4,0,0,0
1213,217,-1,-1,7,0,0,0
1214,1213,736,-1,2,0,0,0
1215,174,-1,-1,4,0,0,0
1216,1215,-1,-1,4,0,0,0
1217,1216,738,-1,6,0,0,0
1218,219,-1,-1,4,0,0,0
1219,1218,740,-1,6,0,0,0
1220,742,743,-1,6,0,0,0
1221,757,759,-1,4,0,0,0
1222,760,-1,-1,4,0,0,0
1223,1222,762,-1,4,0,0,0
1224,178,-1,-1,4,0,0,0
1225,1224,-1,-1,4,0,0,0
1226,1225,778,-1,4,0,0,0
1227,159,-1,-1,4,0,0,0
1228,1227,-1,-1,4,0,0,0
1229,1228,781,-1,6,0,0,0
1230,185,-1,-1,4,0,0,0
1231,1230,-1,-1,4,0,0,0
1232,1231,785,-1,6,0,0,0
1233,793,751,-1,4,0,0,0
1234,289,-1,-1,4,0,0,0
1235,1234,795,-1,4,0,0,0
1236,291,-1,-1,7,0,0,0
1237,1236,-1,-1,7,0,0,0
1238,1237,798,-1,2,0,0,0
1239,305,-1,-1,4,0,0,0
1240,1239,808,-1,6,0,0,0
1241,308,809,-1,6,0,0,0
1242,812,-1,-1,4,0,0,0
1243,1242,811,-1,6,0,0,0
1244,321,-1,-1,7,0,0,0
1245,1244,821,-1,2,0,0,0
1246,838,841,-1,4,0,0,0
1247,349,-1,-1,4,0,0,0
1248,1247,845,-1,6,0,0,0
1249,125,-1,-1,4,0,0,0
1250,1249,-1,-1,4,0,0,0
1251,1250,848,-1,4,0,0,0
1252,147,-1,-1,4,0,0,0
1253,1252,-1,-1,4,0,0,0
1254,1253,-1,-1,4,0,0,0
1255,1254,1232,-1,4,0,0,0
1256,364,859,-1,6,0,0,0
1257,63,85,-1,7,0,0,0
1258,173,181,-1,4,0,0,0
1259,1257,1258,-1,2,0,0,0
1260,195,248,-1,2,0,0,0
1261,367,311,-1,2,0,0,0
1262,369,370,-1,2,0,0,0
1263,374,375,-1,2,0,0,0
1264,376,377,-1,6,0,0,0
1265,1259,1260,-1,6,0,0,0
1266,1261,1262,-1,6,0,0,0
1267,1263,1264,-1,6,0,0,0
1268,860,862,-1,6,0,0,0
1269,867,381,-1,7,0,0,0
1270,779,871,-1,7,0,0,0
1271,1265,1266,-1,6,0,0,0
1272,1267,1268,-1,6,0,0,0
1273,1269,1270,-1,7,0,0,0
1274,865,1251,-1,2,0,0,0
1275,870,873,-1,6,0,0,0
1276,1271,1272,-1,6,0,0,0
1277,1273,1274,-1,2,0,0,0
1278,1275,-1,-1,4,0,0,0
1279,1276,1277,-1,6,0,0,0
1280,1278,-1,-1,4,0,0,0
1281,1279,1280,-1,6,0,0,0
1282,5,31,-1,2,0,0,0
1283,39,74,-1,6,0,0,0
1284,133,141,-1,7,0,0,0
1285,153,162,-1,2,0,0,0
1286,1282,1283,-1,6,0,0,0
1287,1284,1285,-1,2,0,0,0
1288,216,316,-1,4,0,0,0
1289,287,386,-1,4,0,0,0
1290,370,-1,-1,4,0,0,0
1291,1286,1287,-1,6,0,0,0
1292,1288,1289,-1,6,0,0,0
1293,1290,388,-1,4,0,0,0
1294,875,391,-1,2,0,0,0
1295,878,-1,-1,7,0,0,0
1296,1291,1292,-1,6,0,0,0
1297,1293,1294,-1,6,0,0,0
1298,1295,838,-1,2,0,0,0
1299,823,876,-1,4,0,0,0
1300,879,-1,-1,7,0,0,0
1301,1296,1297,-1,6,0,0,0
1302,1298,1299,-1,6,0,0,0
1303,1300,-1,-1,7,0,0,0
1304,1301,1302,-1,6,0,0,0
1305,1303,-1,-1,7,0,0,0
1306,1304,1305,-1,4,0,0,0
1307,283,-1,-1,4,0,0,0
1308,1307,888,-1,4,0,0,0
1309,411,-1,-1,7,0,0,0
1310,1309,892,-1,2,0,0,0
1311,417,-1,-1,4,0,0,0
1312,1311,896,-1,6,0,0,0
1313,142,-1,-1,4,0,0,0
1314,1313,-1,-1,4,0,0,0
1315,1314,901,-1,4,0,0,0
1316,433,-1,-1,4,0,0,0
1317,1316,903,-1,6,0,0,0
1318,438,-1,-1,4,0,0,0
1319,1318,905,-1,6,0,0,0
1320,7,45,-1,2,0,0,0
1321,65,121,-1,6,0,0,0
1322,130,161,-1,4,0,0,0
1323,173,-1,-1,4,0,0,0
1324,1320,1321,-1,6,0,0,0
1325,1322,1323,-1,6,0,0,0
1326,419,441,-1,2,0,0,0
1327,251,365,-1,6,0,0,0
1328,287,442,-1,2,0,0,0
1329,1324,1325,-1,6,0,0,0
1330,1326,1327,-1,6,0,0,0
1331,1328,821,-1,6,0,0,0
1332,340,888,-1,6,0,0,0
1333,393,444,-1,6,0,0,0
1334,1329,1330,-1,6,0,0,0
1335,1331,1332,-1,6,0,0,0
1336,1333,1232,-1,6,0,0,0
1337,907,-1,-1,4,0,0,0
1338,1334,1335,-1,6,0,0,0
1339,1336,1337,-1,6,0,0,0
1340,1338,1339,-1,6,0,0,0
1341,458,-1,-1,7,0,0,0
1342,1341,1317,-1,2,0,0,0
1343,17,37,-1,6,0,0,0
1344,64,105,-1,2,0,0,0
1345,1343,1344,-1,6,0,0,0
1346,281,225,-1,6,0,0,0
1347,276,313,-1,7,0,0,0
1348,463,298,-1,7,0,0,0
1349,301,464,-1,4,0,0,0
1350,1345,1346,-1,6,0,0,0
1351,1347,1348,-1,7,0,0,0
1352,1349,343,-1,6,0,0,0
1353,888,460,-1,7,0,0,0
1354,791,875,-1,2,0,0,0
1355,1350,1351,-1,4,0,0,0
1356,1352,1353,-1,4,0,0,0
1357,1354,912,-1,6,0,0,0
1358,870,914,-1,7,0,0,0
1359,1355,1356,-1,6,0,0,0
1360,1357,1358,-1,4,0,0,0
1361,1359,1360,-1,6,0,0,0
1362,433,-1,-1,4,0,0,0
1363,1362,-1,-1,4,0,0,0
1364,1363,921,-1,6,0,0,0
1365,316,-1,-1,4,0,0,0
1366,1365,930,-1,4,0,0,0
1367,233,-1,-1,4,0,0,0
1368,1367,-1,-1,4,0,0,0
1369,1368,938,-1,6,0,0,0
1370,517,943,-1,6,0,0,0
1371,202,-1,-1,4,0,0,0
1372,1371,-1,-1,4,0,0,0
1373,1372,950,-1,6,0,0,0
1374,115,143,-1,2,0,0,0
1375,152,189,-1,4,0,0,0
1376,1374,1375,-1,6,0,0,0
1377,210,395,-1,7,0,0,0
1378,200,420,-1,7,0,0,0
1379,1376,1377,-1,4,0,0,0
1380,1378,505,-1,7,0,0,0
1381,475,531,-1,6,0,0,0
1382,444,533,-1,6,0,0,0
1383,535,536,-1,4,0,0,0
1384,1379,1380,-1,4,0,0,0
1385,1381,1382,-1,6,0,0,0
1386,1383,956,-1,6,0,0,0
1387,1384,1385,-1,6,0,0,0
1388,1386,953,-1,4,0,0,0
1389,959,-1,-1,4,0,0,0
1390,1387,1388,-1,6,0,0,0
1391,1389,-1,-1,4,0,0,0
1392,1390,1391,-1,6,0,0,0
1393,10,37,-1,7,0,0,0
1394,42,89,-1,7,0,0,0
1395,140,155,-1,7,0,0,0
1396,1393,1394,-1,7,0,0,0
1397,1395,206,-1,2,0,0,0
1398,370,554,-1,7,0,0,0
1399,1396,1397,-1,2,0,0,0
1400,1398,716,-1,2,0,0,0
1401,332,495,-1,7,0,0,0
1402,901,969,-1,4,0,0,0
1403,1399,1400,-1,6,0,0,0
1404,1401,1402,-1,2,0,0,0
1405,941,1208,-1,7,0,0,0
1406,972,975,-1,2,0,0,0
1407,1403,1404,-1,6,0,0,0
1408,1405,1406,-1,2,0,0,0
1409,1238,-1,-1,4,0,0,0
1410,1407,1408,-1,6,0,0,0
1411,1409,-1,-1,4,0,0,0
1412,1410,1411,-1,6,0,0,0
1413,160,-1,-1,4,0,0,0
1414,1413,-1,-1,4,0,0,0
1415,1414,-1,-1,4,0,0,0
1416,1415,978,-1,4,0,0,0
1417,425,-1,-1,4,0,0,0
1418,1417,992,-1,6,0,0,0
1419,69,-1,-1,7,0,0,0
1420,1419,312,-1,7,0,0,0
1421,439,330,-1,6,0,0,0
1422,367,482,-1,4,0,0,0
1423,442,359,-1,4,0,0,0
1424,1420,1421,-1,2,0,0,0
1425,1422,1423,-1,6,0,0,0
1426,712,379,-1,4,0,0,0
1427,505,752,-1,4,0,0,0
1428,580,993,-1,4,0,0,0
1429,883,587,-1,7,0,0,0
1430,997,-1,-1,7,0,0,0
1431,1424,1425,-1,6,0,0,0
1432,1426,1427,-1,6,0,0,0
1433,1428,1429,-1,4,0,0,0
1434,1430,978,-1,7,0,0,0
1435,865,995,-1,7,0,0,0
1436,998,592,-1,7,0,0,0
1437,1431,1432,-1,6,0,0,0
1438,1433,1434,-1,4,0,0,0
1439,1435,1436,-1,7,0,0,0
1440,1437,1438,-1,6,0,0,0
1441,1439,-1,-1,7,0,0,0
1442,1440,1441,-1,4,0,0,0
1443,183,-1,-1,7,0,0,0
1444,1443,247,-1,7,0,0,0
1445,306,448,-1,6,0,0,0
1446,302,514,-1,6,0,0,0
1447,292,355,-1,6,0,0,0
1448,1444,1445,-1,2,0,0,0
1449,1446,1447,-1,6,0,0,0
1450,1000,1005,-1,2,0,0,0
1451,755,598,-1,4,0,0,0
1452,603,1008,-1,6,0,0,0
1453,1448,1449,-1,6,0,0,0
1454,1450,1451,-1,6,0,0,0
1455,1452,1003,-1,6,0,0,0
1456,596,601,-1,4,0,0,0
1457,1007,1009,-1,2,0,0,0
1458,1453,1454,-1,6,0,0,0
1459,1455,1456,-1,6,0,0,0
1460,1457,-1,-1,4,0,0,0
1461,1458,1459,-1,6,0,0,0
1462,1460,-1,-1,4,0,0,0
1463,1461,1462,-1,6,0,0,0
1464,20,121,-1,6,0,0,0
1465,165,185,-1,6,0,0,0
1466,1464,1465,-1,6,0,0,0
1467,199,228,-1,2,0,0,0
1468,354,322,-1,7,0,0,0
1469,546,608,-1,2,0,0,0
1470,1466,1467,-1,6,0,0,0
1471,1468,1469,-1,2,0,0,0
1472,475,556,-1,6,0,0,0
1473,800,607,-1,7,0,0,0
1474,805,510,-1,7,0,0,0
1475,1008,-1,-1,4,0,0,0
1476,1470,1471,-1,6,0,0,0
1477,1472,1473,-1,4,0,0,0
1478,1474,1475,-1,2,0,0,0
1479,865,912,-1,2,0,0,0
1480,1219,-1,-1,7,0,0,0
1481,1476,1477,-1,6,0,0,0
1482,1478,1479,-1,6,0,0,0
1483,1480,-1,-1,7,0,0,0
1484,1481,1482,-1,6,0,0,0
1485,1483,-1,-1,7,0,0,0
1486,1484,1485,-1,4,0,0,0
1487,80,87,-1,6,0,0,0
1488,131,-1,-1,7,0,0,0
1489,1487,1488,-1,4,0,0,0
1490,195,609,-1,7,0,0,0
1491,441,-1,-1,4,0,0,0
1492,1489,1490,-1,4,0,0,0
1493,1491,520,-1,4,0,0,0
1494,611,615,-1,2,0,0,0
1495,806,-1,-1,4,0,0,0
1496,1492,1493,-1,6,0,0,0
1497,1494,1495,-1,6,0,0,0
1498,1012,827,-1,2,0,0,0
1499,1496,1497,-1,6,0,0,0
1500,1498,1246,-1,4,0,0,0
1501,1418,-1,-1,4,0,0,0
1502,1499,1500,-1,6,0,0,0
1503,1501,-1,-1,4,0,0,0
1504,1502,1503,-1,6,0,0,0
1505,626,1014,-1,6,0,0,0
1506,44,124,-1,7,0,0,0
1507,137,175,-1,7,0,0,0
1508,1506,1507,-1,7,0,0,0
1509,609,605,-1,2,0,0,0
1510,628,629,-1,6,0,0,0
1511,632,633,-1,2,0,0,0
1512,575,-1,-1,7,0,0,0
1513,1508,1509,-1,2,0,0,0
1514,1510,1511,-1,6,0,0,0
1515,1512,381,-1,7,0,0,0
1516,635,-1,-1,4,0,0,0
1517,1513,1514,-1,6,0,0,0
1518,1515,1516,-1,2,0,0,0
1519,892,631,-1,7,0,0,0
1520,979,1240,-1,6,0,0,0
1521,1517,1518,-1,6,0,0,0
1522,1519,1520,-1,2,0,0,0
1523,1521,1522,-1,6,0,0,0
1524,738,-1,-1,4,0,0,0
1525,1524,1317,-1,6,0,0,0
1526,48,64,-1,7,0,0,0
1527,118,127,-1,7,0,0,0
1528,128,173,-1,7,0,0,0
1529,1526,1527,-1,7,0,0,0
1530,1528,406,-1,2,0,0,0
1531,279,629,-1,7,0,0,0
1532,258,-1,-1,7,0,0,0
1533,1529,1530,-1,2,0,0,0
1534,1531,1532,-1,7,0,0,0
1535,379,770,-1,2,0,0,0
1536,749,793,-1,7,0,0,0
1537,638,470,-1,7,0,0,0
1538,1005,529,-1,7,0,0,0
1539,640,643,-1,7,0,0,0
1540,1533,1534,-1,4,0,0,0
1541,1535,1536,-1,4,0,0,0
1542,1537,1538,-1,7,0,0,0
1543,1539,1012,-1,7,0,0,0
1544,1019,-1,-1,7,0,0,0
1545,1540,1541,-1,6,0,0,0
1546,1542,1543,-1,7,0,0,0
1547,1544,-1,-1,7,0,0,0
1548,1545,1546,-1,4,0,0,0
1549,1547,-1,-1,7,0,0,0
1550,1548,1549,-1,4,0,0,0
1551,46,58,-1,4,0,0,0
1552,78,99,-1,7,0,0,0
1553,107,-1,-1,7,0,0,0
1554,1551,1552,-1,4,0,0,0
1555,1553,407,-1,2,0,0,0
1556,196,193,-1,4,0,0,0
1557,445,203,-1,7,0,0,0
1558,262,541,-1,4,0,0,0
1559,644,645,-1,2,0,0,0
1560,646,647,-1,2,0,0,0
1561,608,-1,-1,7,0,0,0
1562,1554,1555,-1,6,0,0,0
1563,1556,1557,-1,4,0,0,0
1564,1558,1559,-1,6,0,0,0
1565,1560,1561,-1,4,0,0,0
1566,847,640,-1,7,0,0,0
1567,1562,1563,-1,6,0,0,0
1568,1564,1565,-1,6,0,0,0
1569,1566,938,-1,7,0,0,0
1570,1505,-1,-1,4,0,0,0
1571,1567,1568,-1,6,0,0,0
1572,1569,1570,-1,2,0,0,0
1573,1312,-1,-1,7,0,0,0
1574,1571,1572,-1,6,0,0,0
1575,1573,-1,-1,7,0,0,0
1576,1574,1575,-1,4,0,0,0
1577,48,98,-1,4,0,0,0
1578,103,-1,-1,7,0,0,0
1579,1577,1578,-1,4,0,0,0
1580,585,440,-1,4,0,0,0
1581,397,300,-1,7,0,0,0
1582,648,649,-1,6,0,0,0
1583,650,-1,-1,7,0,0,0
1584,1579,1580,-1,6,0,0,0
1585,1581,1582,-1,2,0,0,0
1586,1583,725,-1,2,0,0,0
1587,411,453,-1,7,0,0,0
1588,947,1020,-1,7,0,0,0
1589,1584,1585,-1,6,0,0,0
1590,1586,1587,-1,4,0,0,0
1591,1588,856,-1,2,0,0,0
1592,907,653,-1,7,0,0,0
1593,1589,1590,-1,6,0,0,0
1594,1591,1592,-1,4,0,0,0
1595,1369,1364,-1,7,0,0,0
1596,1248,-1,-1,7,0,0,0
1597,1593,1594,-1,6,0,0,0
1598,1595,1596,-1,7,0,0,0
1599,1597,1598,-1,4,0,0,0
1600,16,42,-1,2,0,0,0
1601,79,82,-1,7,0,0,0
1602,138,-1,-1,7,0,0,0
1603,1600,1601,-1,4,0,0,0
1604,1602,489,-1,7,0,0,0
1605,259,239,-1,7,0,0,0
1606,221,357,-1,4,0,0,0
1607,289,648,-1,2,0,0,0
1608,235,257,-1,6,0,0,0
1609,1603,1604,-1,4,0,0,0
1610,1605,1606,-1,2,0,0,0
1611,1607,1608,-1,6,0,0,0
1612,903,860,-1,2,0,0,0
1613,654,-1,-1,7,0,0,0
1614,1609,1610,-1,6,0,0,0
1615,1611,1612,-1,6,0,0,0
1616,1613,657,-1,7,0,0,0
1617,660,1023,-1,7,0,0,0
1618,1214,-1,-1,7,0,0,0
1619,1614,1615,-1,6,0,0,0
1620,1616,1617,-1,7,0,0,0
1621,1618,1416,-1,2,0,0,0
1622,1619,1620,-1,4,0,0,0
1623,1621,-1,-1,4,0,0,0
1624,1622,1623,-1,6,0,0,0
1625,36,53,-1,6,0,0,0
1626,75,108,-1,7,0,0,0
1627,147,172,-1,7,0,0,0
1628,1625,1626,-1,4,0,0,0
1629,1627,207,-1,7,0,0,0
1630,636,-1,-1,7,0,0,0
1631,1628,1629,-1,4,0,0,0
1632,1630,435,-1,7,0,0,0
1633,569,787,-1,7,0,0,0
1634,862,881,-1,7,0,0,0
1635,760,587,-1,7,0,0,0
1636,611,986,-1,7,0,0,0
1637,1631,1632,-1,4,0,0,0
1638,1633,1634,-1,7,0,0,0
1639,1635,1636,-1,7,0,0,0
1640,661,473,-1,7,0,0,0
1641,1051,-1,-1,7,0,0,0
1642,1637,1638,-1,4,0,0,0
1643,1639,1640,-1,7,0,0,0
1644,1641,953,-1,7,0,0,0
1645,1642,1643,-1,4,0,0,0
1646,1644,-1,-1,7,0,0,0
1647,1645,1646,-1,4,0,0,0
1648,574,-1,-1,4,0,0,0
1649,1648,1059,-1,6,0,0,0
1650,101,106,-1,7,0,0,0
1651,124,131,-1,2,0,0,0
1652,180,189,-1,2,0,0,0
1653,1650,1651,-1,2,0,0,0
1654,1652,220,-1,6,0,0,0
1655,312,357,-1,2,0,0,0
1656,200,369,-1,7,0,0,0
1657,618,672,-1,7,0,0,0
1658,1653,1654,-1,6,0,0,0
1659,1655,1656,-1,4,0,0,0
1660,1657,493,-1,7,0,0,0
1661,447,889,-1,2,0,0,0
1662,1658,1659,-1,6,0,0,0
1663,1660,1661,-1,2,0,0,0
1664,1062,819,-1,6,0,0,0
1665,899,904,-1,7,0,0,0
1666,879,-1,-1,4,0,0,0
1667,1662,1663,-1,6,0,0,0
1668,1664,1665,-1,4,0,0,0
1669,1666,1525,-1,4,0,0,0
1670,1667,1668,-1,6,0,0,0
1671,1669,-1,-1,4,0,0,0
1672,1670,1671,-1,6,0,0,0
1673,139,148,-1,7,0,0,0
1674,177,180,-1,6,0,0,0
1675,1673,1674,-1,2,0,0,0
1676,341,265,-1,2,0,0,0
1677,408,445,-1,6,0,0,0
1678,275,367,-1,6,0,0,0
1679,466,449,-1,2,0,0,0
1680,673,675,-1,7,0,0,0
1681,1675,1676,-1,6,0,0,0
1682,1677,1678,-1,6,0,0,0
1683,1679,1680,-1,4,0,0,0
1684,867,817,-1,2,0,0,0
1685,804,273,-1,6,0,0,0
1686,674,-1,-1,7,0,0,0
1687,1681,1682,-1,6,0,0,0
1688,1683,1684,-1,6,0,0,0
1689,1685,1686,-1,4,0,0,0
1690,1065,1023,-1,4,0,0,0
1691,1212,967,-1,4,0,0,0
1692,677,-1,-1,7,0,0,0
1693,1687,1688,-1,6,0,0,0
1694,1689,1690,-1,6,0,0,0
1695,1691,1692,-1,4,0,0,0
1696,1693,1694,-1,6,0,0,0
1697,1695,-1,-1,4,0,0,0
1698,1696,1697,-1,6,0,0,0
1699,12,17,-1,7,0,0,0
1700,81,113,-1,7,0,0,0
1701,178,182,-1,2,0,0,0
1702,1699,1700,-1,7,0,0,0
1703,1701,230,-1,4,0,0,0
1704,341,260,-1,2,0,0,0
1705,279,609,-1,4,0,0,0
1706,201,440,-1,6,0,0,0
1707,594,590,-1,7,0,0,0
1708,628,-1,-1,7,0,0,0
1709,1702,1703,-1,2,0,0,0
1710,1704,1705,-1,6,0,0,0
1711,1706,1707,-1,4,0,0,0
1712,1708,785,-1,2,0,0,0
1713,584,749,-1,4,0,0,0
1714,533,338,-1,4,0,0,0
1715,549,678,-1,7,0,0,0
1716,1070,-1,-1,7,0,0,0
1717,1709,1710,-1,6,0,0,0
1718,1711,1712,-1,6,0,0,0
1719,1713,1714,-1,6,0,0,0
1720,1715,1716,-1,7,0,0,0
1721,1068,1241,-1,2,0,0,0
1722,1717,1718,-1,6,0,0,0
1723,1719,1720,-1,4,0,0,0
1724,1721,-1,-1,4,0,0,0
1725,1722,1723,-1,6,0,0,0
1726,1724,-1,-1,4,0,0,0
1727,1725,1726,-1,6,0,0,0
1728,59,71,-1,4,0,0,0
1729,76,172,-1,2,0,0,0
1730,1728,1729,-1,6,0,0,0
1731,419,313,-1,7,0,0,0
1732,448,680,-1,7,0,0,0
1733,649,522,-1,4,0,0,0
1734,662,-1,-1,7,0,0,0
1735,1730,1731,-1,4,0,0,0
1736,1732,1733,-1,2,0,0,0
1737,1734,417,-1,7,0,0,0
1738,930,770,-1,6,0,0,0
1739,613,405,-1,4,0,0,0
1740,848,682,-1,7,0,0,0
1741,571,-1,-1,7,0,0,0
1742,1735,1736,-1,6,0,0,0
1743,1737,1738,-1,2,0,0,0
1744,1739,1740,-1,4,0,0,0
1745,1741,1256,-1,7,0,0,0
1746,1742,1743,-1,6,0,0,0
1747,1744,1745,-1,4,0,0,0
1748,1746,1747,-1,6,0,0,0
1749,32,132,-1,4,0,0,0
1750,136,167,-1,7,0,0,0
1751,168,172,-1,4,0,0,0
1752,1749,1750,-1,4,0,0,0
1753,1751,467,-1,4,0,0,0
1754,628,234,-1,2,0,0,0
1755,485,376,-1,6,0,0,0
1756,1752,1753,-1,6,0,0,0
1757,1754,1755,-1,6,0,0,0
1758,493,733,-1,6,0,0,0
1759,781,572,-1,6,0,0,0
1760,617,684,-1,4,0,0,0
1761,620,674,-1,6,0,0,0
1762,1020,-1,-1,7,0,0,0
1763,1756,1757,-1,6,0,0,0
1764,1758,1759,-1,6,0,0,0
1765,1760,1761,-1,6,0,0,0
1766,1762,1073,-1,2,0,0,0
1767,1076,596,-1,6,0,0,0
1768,1763,1764,-1,6,0,0,0
1769,1765,1766,-1,6,0,0,0
1770,1767,-1,-1,4,0,0,0
1771,1768,1769,-1,6,0,0,0
1772,1770,-1,-1,4,0,0,0
1773,1771,1772,-1,6,0,0,0
1774,34,100,-1,2,0,0,0
1775,143,-1,-1,7,0,0,0
1776,1774,1775,-1,4,0,0,0
1777,224,222,-1,7,0,0,0
1778,211,295,-1,7,0,0,0
1779,204,285,-1,6,0,0,0
1780,482,347,-1,7,0,0,0
1781,319,-1,-1,4,0,0,0
1782,1776,1777,-1,4,0,0,0
1783,1778,1779,-1,2,0,0,0
1784,1780,1781,-1,2,0,0,0
1785,582,926,-1,4,0,0,0
1786,688,1100,-1,2,0,0,0
1787,1782,1783,-1,6,0,0,0
1788,1784,1785,-1,6,0,0,0
1789,1786,1232,-1,4,0,0,0
1790,1073,963,-1,4,0,0,0
1791,965,677,-1,4,0,0,0
1792,1787,1788,-1,6,0,0,0
1793,1789,1790,-1,6,0,0,0
1794,1791,-1,-1,4,0,0,0
1795,1792,1793,-1,6,0,0,0
1796,1794,-1,-1,4,0,0,0
1797,1795,1796,-1,6,0,0,0
1798,70,-1,-1,4,0,0,0
1799,1798,-1,-1,4,0,0,0
1800,1799,-1,-1,4,0,0,0
1801,1800,1232,-1,4,0,0,0
1802,82,150,-1,6,0,0,0
1803,191,-1,-1,7,0,0,0
1804,1802,1803,-1,4,0,0,0
1805,329,333,-1,6,0,0,0
1806,553,513,-1,6,0,0,0
1807,318,-1,-1,4,0,0,0
1808,1804,1805,-1,6,0,0,0
1809,1806,1807,-1,6,0,0,0
1810,343,345,-1,4,0,0,0
1811,613,402,-1,6,0,0,0
1812,842,-1,-1,4,0,0,0
1813,1808,1809,-1,6,0,0,0
1814,1810,1811,-1,6,0,0,0
1815,1812,694,-1,4,0,0,0
1816,1019,981,-1,2,0,0,0
1817,1813,1814,-1,6,0,0,0
1818,1815,1816,-1,6,0,0,0
1819,959,1102,-1,4,0,0,0
1820,1817,1818,-1,6,0,0,0
1821,1819,-1,-1,4,0,0,0
1822,1820,1821,-1,6,0,0,0
1823,66,70,-1,7,0,0,0
1824,98,103,-1,2,0,0,0
1825,144,-1,-1,7,0,0,0
1826,1823,1824,-1,2,0,0,0
1827,1825,312,-1,2,0,0,0
1828,214,206,-1,4,0,0,0
1829,540,294,-1,2,0,0,0
1830,245,-1,-1,7,0,0,0
1831,1826,1827,-1,6,0,0,0
1832,1828,1829,-1,6,0,0,0
1833,1830,778,-1,7,0,0,0
1834,345,574,-1,7,0,0,0
1835,833,638,-1,7,0,0,0
1836,598,764,-1,7,0,0,0
1837,686,878,-1,7,0,0,0
1838,1831,1832,-1,6,0,0,0
1839,1833,1834,-1,7,0,0,0
1840,1835,1836,-1,7,0,0,0
1841,1837,1068,-1,2,0,0,0
1842,917,1245,-1,7,0,0,0
1843,668,1009,-1,7,0,0,0
1844,1838,1839,-1,4,0,0,0
1845,1840,1841,-1,2,0,0,0
1846,1842,1843,-1,7,0,0,0
1847,1844,1845,-1,6,0,0,0
1848,1846,-1,-1,7,0,0,0
1849,1847,1848,-1,4,0,0,0
1850,9,44,-1,2,0,0,0
1851,79,102,-1,7,0,0,0
1852,1850,1851,-1,4,0,0,0
1853,213,220,-1,7,0,0,0
1854,274,398,-1,7,0,0,0
1855,202,386,-1,2,0,0,0
1856,397,-1,-1,4,0,0,0
1857,1852,1853,-1,4,0,0,0
1858,1854,1855,-1,2,0,0,0
1859,1856,497,-1,4,0,0,0
1860,821,716,-1,4,0,0,0
1861,831,469,-1,2,0,0,0
1862,852,1070,-1,4,0,0,0
1863,488,-1,-1,7,0,0,0
1864,1857,1858,-1,6,0,0,0
1865,1859,1860,-1,6,0,0,0
1866,1861,1862,-1,6,0,0,0
1867,1863,661,-1,7,0,0,0
1868,992,851,-1,2,0,0,0
1869,919,1152,-1,4,0,0,0
1870,1864,1865,-1,6,0,0,0
1871,1866,1867,-1,4,0,0,0
1872,1868,1869,-1,6,0,0,0
1873,1649,-1,-1,7,0,0,0
1874,1870,1871,-1,6,0,0,0
1875,1872,1873,-1,4,0,0,0
1876,1874,1875,-1,6,0,0,0
1877,33,45,-1,4,0,0,0
1878,113,-1,-1,7,0,0,0
1879,1877,1878,-1,4,0,0,0
1880,310,205,-1,2,0,0,0
1881,244,263,-1,7,0,0,0
1882,275,540,-1,4,0,0,0
1883,386,697,-1,4,0,0,0
1884,1879,1880,-1,6,0,0,0
1885,1881,1882,-1,2,0,0,0
1886,1883,903,-1,4,0,0,0
1887,435,714,-1,7,0,0,0
1888,725,315,-1,7,0,0,0
1889,969,909,-1,2,0,0,0
1890,708,945,-1,6,0,0,0
1891,727,-1,-1,4,0,0,0
1892,1884,1885,-1,6,0,0,0
1893,1886,1887,-1,4,0,0,0
1894,1888,1889,-1,2,0,0,0
1895,1890,1891,-1,6,0,0,0
1896,1226,984,-1,6,0,0,0
1897,1892,1893,-1,6,0,0,0
1898,1894,1895,-1,6,0,0,0
1899,1896,-1,-1,4,0,0,0
1900,1897,1898,-1,6,0,0,0
1901,1899,-1,-1,4,0,0,0
1902,1900,1901,-1,6,0,0,0
1903,124,136,-1,7,0,0,0
1904,145,149,-1,6,0,0,0
1905,177,-1,-1,4,0,0,0
1906,1903,1904,-1,2,0,0,0
1907,1905,241,-1,4,0,0,0
1908,281,205,-1,7,0,0,0
1909,265,252,-1,7,0,0,0
1910,483,426,-1,6,0,0,0
1911,1906,1907,-1,6,0,0,0
1912,1908,1909,-1,7,0,0,0
1913,1910,332,-1,6,0,0,0
1914,860,604,-1,2,0,0,0
1915,688,997,-1,2,0,0,0
1916,1016,-1,-1,4,0,0,0
1917,1911,1912,-1,4,0,0,0
1918,1913,1914,-1,6,0,0,0
1919,1915,1916,-1,6,0,0,0
1920,1917,1918,-1,6,0,0,0
1921,1919,1801,-1,6,0,0,0
1922,1920,1921,-1,6,0,0,0
1923,42,105,-1,2,0,0,0
1924,132,185,-1,2,0,0,0
1925,1923,1924,-1,6,0,0,0
1926,259,223,-1,2,0,0,0
1927,399,303,-1,7,0,0,0
1928,541,449,-1,7,0,0,0
1929,383,261,-1,6,0,0,0
1930,645,680,-1,2,0,0,0
1931,632,709,-1,7,0,0,0
1932,1925,1926,-1,6,0,0,0
1933,1927,1928,-1,7,0,0,0
1934,1929,1930,-1,6,0,0,0
1935,1931,712,-1,7,0,0,0
1936,768,733,-1,4,0,0,0
1937,517,1053,-1,2,0,0,0
1938,643,-1,-1,7,0,0,0
1939,1932,1933,-1,4,0,0,0
1940,1934,1935,-1,4,0,0,0
1941,1936,1937,-1,6,0,0,0
1942,1938,694,-1,2,0,0,0
1943,825,1319,-1,4,0,0,0
1944,1939,1940,-1,6,0,0,0
1945,1941,1942,-1,6,0,0,0
1946,1943,-1,-1,4,0,0,0
1947,1944,1945,-1,6,0,0,0
1948,1946,-1,-1,4,0,0,0
1949,1947,1948,-1,6,0,0,0
1950,13,43,-1,6,0,0,0
1951,71,81,-1,6,0,0,0
1952,170,176,-1,2,0,0,0
1953,1950,1951,-1,6,0,0,0
1954,1952,330,-1,4,0,0,0
1955,354,327,-1,6,0,0,0
1956,255,464,-1,7,0,0,0
1957,1953,1954,-1,6,0,0,0
1958,1955,1956,-1,4,0,0,0
1959,740,340,-1,6,0,0,0
1960,665,391,-1,7,0,0,0
1961,1957,1958,-1,6,0,0,0
1962,1959,1960,-1,4,0,0,0
1963,653,-1,-1,4,0,0,0
1964,1961,1962,-1,6,0,0,0
1965,1963,1255,-1,6,0,0,0
1966,1964,1965,-1,6,0,0,0
1967,21,90,-1,2,0,0,0
1968,95,121,-1,6,0,0,0
1969,145,-1,-1,4,0,0,0
1970,1967,1968,-1,6,0,0,0
1971,1969,451,-1,6,0,0,0
1972,213,212,-1,2,0,0,0
1973,227,249,-1,6,0,0,0
1974,286,369,-1,6,0,0,0
1975,633,-1,-1,4,0,0,0
1976,1970,1971,-1,6,0,0,0
1977,1972,1973,-1,6,0,0,0
1978,1974,1975,-1,6,0,0,0
1979,930,731,-1,4,0,0,0
1980,589,684,-1,4,0,0,0
1981,708,1100,-1,2,0,0,0
1982,1976,1977,-1,6,0,0,0
1983,1978,1979,-1,6,0,0,0
1984,1980,1981,-1,6,0,0,0
1985,1057,936,-1,6,0,0,0
1986,1982,1983,-1,6,0,0,0
1987,1984,1985,-1,6,0,0,0
1988,1243,-1,-1,7,0,0,0
1989,1986,1987,-1,6,0,0,0
1990,1988,-1,-1,7,0,0,0
1991,1989,1990,-1,4,0,0,0
1992,18,26,-1,2,0,0,0
1993,48,114,-1,7,0,0,0
1994,1992,1993,-1,4,0,0,0
1995,280,439,-1,7,0,0,0
1996,317,502,-1,6,0,0,0
1997,673,-1,-1,4,0,0,0
1998,1994,1995,-1,4,0,0,0
1999,1996,1997,-1,6,0,0,0
2000,785,717,-1,4,0,0,0
2001,757,635,-1,6,0,0,0
2002,1998,1999,-1,6,0,0,0
2003,2000,2001,-1,6,0,0,0
2004,1059,660,-1,4,0,0,0
2005,988,998,-1,7,0,0,0
2006,1007,1051,-1,7,0,0,0
2007,1370,-1,-1,7,0,0,0
2008,2002,2003,-1,6,0,0,0
2009,2004,2005,-1,4,0,0,0
2010,2006,2007,-1,7,0,0,0
2011,2008,2009,-1,6,0,0,0
2012,2010,-1,-1,7,0,0,0
2013,2011,2012,-1,4,0,0,0
2014,88,91,-1,6,0,0,0
2015,108,132,-1,4,0,0,0
2016,135,150,-1,4,0,0,0
2017,171,-1,-1,7,0,0,0
2018,2014,2015,-1,6,0,0,0
2019,2016,2017,-1,4,0,0,0
2020,406,389,-1,4,0,0,0
2021,290,609,-1,6,0,0,0
2022,442,514,-1,6,0,0,0
2023,710,704,-1,7,0,0,0
2024,428,672,-1,6,0,0,0
2025,709,-1,-1,4,0,0,0
2026,2018,2019,-1,6,0,0,0
2027,2020,2021,-1,6,0,0,0
2028,2022,2023,-1,4,0,0,0
2029,2024,2025,-1,6,0,0,0
2030,883,682,-1,4,0,0,0
2031,729,-1,-1,4,0,0,0
2032,2026,2027,-1,6,0,0,0
2033,2028,2029,-1,6,0,0,0
2034,2030,2031,-1,6,0,0,0
2035,1308,-1,-1,4,0,0,0
2036,2032,2033,-1,6,0,0,0
2037,2034,2035,-1,6,0,0,0
2038,1342,-1,-1,4,0,0,0
2039,2036,2037,-1,6,0,0,0
2040,2038,-1,-1,4,0,0,0
2041,2039,2040,-1,6,0,0,0
2042,35,53,-1,2,0,0,0
2043,2042,192,-1,6,0,0,0
2044,193,194,-1,7,0,0,0
2045,197,198,-1,4,0,0,0
2046,200,201,-1,2,0,0,0
2047,2043,2044,-1,4,0,0,0
2048,2045,2046,-1,6,0,0,0
2049,712,714,-1,7,0,0,0
2050,716,717,-1,7,0,0,0
2051,719,721,-1,7,0,0,0
2052,727,729,-1,7,0,0,0
2053,734,-1,-1,7,0,0,0
2054,2047,2048,-1,6,0,0,0
2055,2049,2050,-1,7,0,0,0
2056,2051,2052,-1,7,0,0,0
2057,2053,1205,-1,2,0,0,0
2058,1208,1210,-1,7,0,0,0
2059,1212,1214,-1,4,0,0,0
2060,1217,1219,-1,7,0,0,0
2061,1220,-1,-1,7,0,0,0
2062,2054,2055,-1,4,0,0,0
2063,2056,2057,-1,2,0,0,0
2064,2058,2059,-1,2,0,0,0
2065,2060,2061,-1,7,0,0,0
2066,2062,2063,-1,6,0,0,0
2067,2064,2065,-1,4,0,0,0
2068,2066,2067,-1,6,0,0,0
2069,100,139,-1,2,0,0,0
2070,154,184,-1,7,0,0,0
2071,2069,2070,-1,4,0,0,0
2072,224,227,-1,7,0,0,0
2073,229,234,-1,7,0,0,0
2074,235,-1,-1,7,0,0,0
2075,2071,2072,-1,4,0,0,0
2076,2073,2074,-1,7,0,0,0
2077,740,745,-1,7,0,0,0
2078,747,749,-1,7,0,0,0
2079,751,752,-1,4,0,0,0
2080,754,237,-1,7,0,0,0
2081,755,764,-1,6,0,0,0
2082,765,766,-1,7,0,0,0
2083,2075,2076,-1,4,0,0,0
2084,2077,2078,-1,7,0,0,0
2085,2079,2080,-1,4,0,0,0
2086,2081,2082,-1,4,0,0,0
2087,1221,-1,-1,7,0,0,0
2088,2083,2084,-1,4,0,0,0
2089,2085,2086,-1,6,0,0,0
2090,2087,1223,-1,7,0,0,0
2091,2088,2089,-1,6,0,0,0
2092,2090,-1,-1,7,0,0,0
2093,2091,2092,-1,4,0,0,0
2094,1,9,-1,2,0,0,0
2095,81,98,-1,2,0,0,0
2096,184,-1,-1,7,0,0,0
2097,2094,2095,-1,6,0,0,0
2098,2096,204,-1,7,0,0,0
2099,249,250,-1,4,0,0,0
2100,251,253,-1,2,0,0,0
2101,255,256,-1,7,0,0,0
2102,257,258,-1,7,0,0,0
2103,2097,2098,-1,4,0,0,0
2104,2099,2100,-1,6,0,0,0
2105,2101,2102,-1,7,0,0,0
2106,768,770,-1,7,0,0,0
2107,731,772,-1,4,0,0,0
2108,774,776,-1,7,0,0,0
2109,779,783,-1,4,0,0,0
2110,2103,2104,-1,6,0,0,0
2111,2105,2106,-1,7,0,0,0
2112,2107,2108,-1,4,0,0,0
2113,2109,1226,-1,4,0,0,0
2114,1229,-1,-1,4,0,0,0
2115,2110,2111,-1,4,0,0,0
2116,2112,2113,-1,6,0,0,0
2117,2114,-1,-1,4,0,0,0
2118,2115,2116,-1,6,0,0,0
2119,2117,-1,-1,4,0,0,0
2120,2118,2119,-1,6,0,0,0
2121,791,-1,-1,4,0,0,0
2122,2121,1233,-1,4,0,0,0
2123,24,25,-1,4,0,0,0
2124,66,83,-1,7,0,0,0
2125,125,129,-1,7,0,0,0
2126,136,-1,-1,7,0,0,0
2127,2123,2124,-1,4,0,0,0
2128,2125,2126,-1,7,0,0,0
2129,282,195,-1,4,0,0,0
2130,222,283,-1,4,0,0,0
2131,284,285,-1,2,0,0,0
2132,286,287,-1,2,0,0,0
2133,288,292,-1,4,0,0,0
2134,2127,2128,-1,4,0,0,0
2135,2129,2130,-1,6,0,0,0
2136,2131,2132,-1,6,0,0,0
2137,2133,717,-1,4,0,0,0
2138,2134,2135,-1,6,0,0,0
2139,2136,2137,-1,6,0,0,0
2140,1235,-1,-1,7,0,0,0
2141,2138,2139,-1,6,0,0,0
2142,2140,1238,-1,7,0,0,0
2143,2141,2142,-1,4,0,0,0
2144,27,147,-1,4,0,0,0
2145,152,156,-1,6,0,0,0
2146,167,191,-1,4,0,0,0
2147,2144,2145,-1,6,0,0,0
2148,2146,209,-1,4,0,0,0
2149,293,294,-1,6,0,0,0
2150,296,297,-1,6,0,0,0
2151,298,301,-1,6,0,0,0
2152,2147,2148,-1,6,0,0,0
2153,2149,2150,-1,6,0,0,0
2154,2151,800,-1,4,0,0,0
2155,802,804,-1,2,0,0,0
2156,805,806,-1,6,0,0,0
2157,2152,2153,-1,6,0,0,0
2158,2154,2155,-1,6,0,0,0
2159,2156,1240,-1,6,0,0,0
2160,1241,-1,-1,7,0,0,0
2161,2157,2158,-1,6,0,0,0
2162,2159,2160,-1,4,0,0,0
2163,1243,-1,-1,4,0,0,0
2164,2161,2162,-1,6,0,0,0
2165,2163,-1,-1,4,0,0,0
2166,2164,2165,-1,6,0,0,0
2167,17,67,-1,7,0,0,0
2168,122,132,-1,7,0,0,0
2169,143,-1,-1,4,0,0,0
2170,2167,2168,-1,7,0,0,0
2171,2169,199,-1,4,0,0,0
2172,221,208,-1,7,0,0,0
2173,313,249,-1,2,0,0,0
2174,251,294,-1,4,0,0,0
2175,318,319,-1,6,0,0,0
2176,2170,2171,-1,2,0,0,0
2177,2172,2173,-1,2,0,0,0
2178,2174,2175,-1,6,0,0,0
2179,814,315,-1,6,0,0,0
2180,815,817,-1,7,0,0,0
2181,829,765,-1,7,0,0,0
2182,2176,2177,-1,6,0,0,0
2183,2178,2179,-1,6,0,0,0
2184,2180,2181,-1,7,0,0,0
2185,819,1245,-1,4,0,0,0
2186,823,825,-1,7,0,0,0
2187,827,-1,-1,4,0,0,0
2188,2182,2183,-1,6,0,0,0
2189,2184,2185,-1,2,0,0,0
2190,2186,2187,-1,2,0,0,0
2191,2188,2189,-1,6,0,0,0
2192,2190,-1,-1,4,0,0,0
2193,2191,2192,-1,6,0,0,0
2194,41,58,-1,7,0,0,0
2195,67,76,-1,7,0,0,0
2196,117,142,-1,4,0,0,0
2197,190,-1,-1,7,0,0,0
2198,2194,2195,-1,7,0,0,0
2199,2196,2197,-1,4,0,0,0
2200,329,330,-1,7,0,0,0
2201,2198,2199,-1,2,0,0,0
2202,2200,770,-1,7,0,0,0
2203,332,831,-1,6,0,0,0
2204,717,335,-1,7,0,0,0
2205,833,338,-1,7,0,0,0
2206,790,842,-1,6,0,0,0
2207,2201,2202,-1,4,0,0,0
2208,2203,2204,-1,4,0,0,0
2209,2205,2206,-1,2,0,0,0
2210,836,-1,-1,7,0,0,0
2211,2207,2208,-1,6,0,0,0
2212,2209,2210,-1,4,0,0,0
2213,1246,1248,-1,7,0,0,0
2214,2211,2212,-1,6,0,0,0
2215,2213,-1,-1,7,0,0,0
2216,2214,2215,-1,4,0,0,0
2217,57,-1,-1,7,0,0,0
2218,2217,228,-1,2,0,0,0
2219,260,240,-1,2,0,0,0
2220,227,350,-1,2,0,0,0
2221,256,355,-1,7,0,0,0
2222,2218,2219,-1,6,0,0,0
2223,2220,2221,-1,4,0,0,0
2224,814,847,-1,7,0,0,0
2225,852,-1,-1,7,0,0,0
2226,2222,2223,-1,6,0,0,0
2227,2224,2225,-1,7,0,0,0
2228,1251,851,-1,2,0,0,0
2229,2226,2227,-1,4,0,0,0
2230,2228,1255,-1,6,0,0,0
2231,2229,2230,-1,6,0,0,0
2232,33,41,-1,4,0,0,0
2233,43,73,-1,7,0,0,0
2234,99,135,-1,2,0,0,0
2235,141,182,-1,4,0,0,0
2236,185,186,-1,4,0,0,0
2237,2232,2233,-1,4,0,0,0
2238,2234,2235,-1,6,0,0,0
2239,2236,264,-1,4,0,0,0
2240,232,306,-1,4,0,0,0
2241,356,359,-1,7,0,0,0
2242,2237,2238,-1,6,0,0,0
2243,2239,2240,-1,6,0,0,0
2244,2241,854,-1,2,0,0,0
2245,788,734,-1,7,0,0,0
2246,361,858,-1,4,0,0,0
2247,2242,2243,-1,6,0,0,0
2248,2244,2245,-1,4,0,0,0
2249,2246,856,-1,4,0,0,0
2250,1256,-1,-1,7,0,0,0
2251,2247,2248,-1,6,0,0,0
2252,2249,2250,-1,4,0,0,0
2253,2251,2252,-1,6,0,0,0
2254,59,67,-1,7,0,0,0
2255,92,112,-1,7,0,0,0
2256,2254,2255,-1,7,0,0,0
2257,262,279,-1,7,0,0,0
2258,266,397,-1,7,0,0,0
2259,400,-1,-1,7,0,0,0
2260,2256,2257,-1,7,0,0,0
2261,2258,2259,-1,7,0,0,0
2262,324,881,-1,7,0,0,0
2263,882,883,-1,4,0,0,0
2264,402,886,-1,6,0,0,0
2265,889,-1,-1,4,0,0,0
2266,2260,2261,-1,7,0,0,0
2267,2262,2263,-1,2,0,0,0
2268,2264,2265,-1,6,0,0,0
2269,885,1308,-1,6,0,0,0
2270,893,-1,-1,4,0,0,0
2271,2266,2267,-1,2,0,0,0
2272,2268,2269,-1,6,0,0,0
2273,2270,1310,-1,4,0,0,0
2274,1312,-1,-1,7,0,0,0
2275,2271,2272,-1,6,0,0,0
2276,2273,2274,-1,4,0,0,0
2277,2275,2276,-1,6,0,0,0
2278,225,-1,-1,4,0,0,0
2279,2278,-1,-1,4,0,0,0
2280,2279,1315,-1,6,0,0,0
2281,208,-1,-1,4,0,0,0
2282,2281,-1,-1,4,0,0,0
2283,2282,1317,-1,6,0,0,0
2284,68,161,-1,6,0,0,0
2285,166,190,-1,7,0,0,0
2286,2284,2285,-1,4,0,0,0
2287,274,358,-1,7,0,0,0
2288,242,263,-1,7,0,0,0
2289,353,448,-1,2,0,0,0
2290,449,350,-1,7,0,0,0
2291,450,297,-1,7,0,0,0
2292,288,-1,-1,7,0,0,0
2293,2286,2287,-1,4,0,0,0
2294,2288,2289,-1,2,0,0,0
2295,2290,2291,-1,7,0,0,0
2296,2292,345,-1,7,0,0,0
2297,447,752,-1,2,0,0,0
2298,743,909,-1,7,0,0,0
2299,453,-1,-1,7,0,0,0
2300,2293,2294,-1,6,0,0,0
2301,2295,2296,-1,7,0,0,0
2302,2297,2298,-1,4,0,0,0
2303,2299,456,-1,7,0,0,0
2304,2300,2301,-1,4,0,0,0
2305,2302,2303,-1,4,0,0,0
2306,1342,-1,-1,7,0,0,0
2307,2304,2305,-1,6,0,0,0
2308,2306,-1,-1,7,0,0,0
2309,2307,2308,-1,4,0,0,0
2310,50,51,-1,7,0,0,0
2311,69,107,-1,6,0,0,0
2312,113,114,-1,7,0,0,0
2313,116,134,-1,7,0,0,0
2314,2310,2311,-1,2,0,0,0
2315,2312,2313,-1,7,0,0,0
2316,259,408,-1,7,0,0,0
2317,465,466,-1,7,0,0,0
2318,467,427,-1,2,0,0,0
2319,2314,2315,-1,4,0,0,0
2320,2316,2317,-1,7,0,0,0
2321,2318,372,-1,4,0,0,0
2322,469,470,-1,7,0,0,0
2323,479,-1,-1,7,0,0,0
2324,2319,2320,-1,4,0,0,0
2325,2321,2322,-1,4,0,0,0
2326,2323,473,-1,2,0,0,0
2327,917,919,-1,2,0,0,0
2328,1217,923,-1,7,0,0,0
2329,2324,2325,-1,6,0,0,0
2330,2326,2327,-1,6,0,0,0
2331,2328,1364,-1,7,0,0,0
2332,2329,2330,-1,6,0,0,0
2333,2331,-1,-1,7,0,0,0
2334,2332,2333,-1,4,0,0,0
2335,1366,931,-1,6,0,0,0
2336,60,153,-1,7,0,0,0
2337,2336,202,-1,2,0,0,0
2338,280,396,-1,7,0,0,0
2339,463,502,-1,7,0,0,0
2340,503,-1,-1,7,0,0,0
2341,2337,2338,-1,4,0,0,0
2342,2339,2340,-1,7,0,0,0
2343,814,493,-1,7,0,0,0
2344,495,499,-1,6,0,0,0
2345,501,237,-1,6,0,0,0
2346,829,508,-1,7,0,0,0
2347,510,-1,-1,7,0,0,0
2348,2341,2342,-1,4,0,0,0
2349,2343,2344,-1,2,0,0,0
2350,2345,2346,-1,4,0,0,0
2351,2347,934,-1,7,0,0,0
2352,836,936,-1,6,0,0,0
2353,2348,2349,-1,6,0,0,0
2354,2350,2351,-1,4,0,0,0
2355,2352,1369,-1,6,0,0,0
2356,2353,2354,-1,6,0,0,0
2357,2355,-1,-1,4,0,0,0
2358,2356,2357,-1,6,0,0,0
2359,62,85,-1,4,0,0,0
2360,116,143,-1,6,0,0,0
2361,181,-1,-1,4,0,0,0
2362,2359,2360,-1,6,0,0,0
2363,2361,451,-1,4,0,0,0
2364,346,513,-1,4,0,0,0
2365,514,515,-1,6,0,0,0
2366,2362,2363,-1,6,0,0,0
2367,2364,2365,-1,6,0,0,0
2368,749,-1,-1,4,0,0,0
2369,2366,2367,-1,6,0,0,0
2370,2368,941,-1,6,0,0,0
2371,1235,1370,-1,4,0,0,0
2372,2369,2370,-1,6,0,0,0
2373,2371,-1,-1,4,0,0,0
2374,2372,2373,-1,6,0,0,0
2375,61,65,-1,7,0,0,0
2376,158,171,-1,7,0,0,0
2377,2375,2376,-1,7,0,0,0
2378,199,220,-1,4,0,0,0
2379,290,513,-1,2,0,0,0
2380,521,522,-1,7,0,0,0
2381,2377,2378,-1,2,0,0,0
2382,2379,2380,-1,4,0,0,0
2383,505,520,-1,7,0,0,0
2384,499,945,-1,7,0,0,0
2385,871,947,-1,7,0,0,0
2386,529,783,-1,7,0,0,0
2387,530,-1,-1,7,0,0,0
2388,2381,2382,-1,6,0,0,0
2389,2383,2384,-1,7,0,0,0
2390,2385,2386,-1,7,0,0,0
2391,2387,-1,-1,7,0,0,0
2392,2388,2389,-1,4,0,0,0
2393,2390,2391,-1,7,0,0,0
2394,526,1373,-1,2,0,0,0
2395,2392,2393,-1,4,0,0,0
2396,2394,-1,-1,4,0,0,0
2397,2395,2396,-1,6,0,0,0
2398,83,154,-1,4,0,0,0
2399,2398,398,-1,4,0,0,0
2400,540,541,-1,2,0,0,0
2401,400,546,-1,7,0,0,0
2402,547,-1,-1,4,0,0,0
2403,2399,2400,-1,6,0,0,0
2404,2401,2402,-1,2,0,0,0
2405,505,793,-1,7,0,0,0
2406,882,960,-1,2,0,0,0
2407,545,549,-1,4,0,0,0
2408,361,552,-1,7,0,0,0
2409,2403,2404,-1,6,0,0,0
2410,2405,2406,-1,2,0,0,0
2411,2407,2408,-1,4,0,0,0
2412,963,1210,-1,7,0,0,0
2413,965,967,-1,7,0,0,0
2414,2409,2410,-1,6,0,0,0
2415,2411,2412,-1,4,0,0,0
2416,2413,2280,-1,7,0,0,0
2417,2414,2415,-1,6,0,0,0
2418,2416,-1,-1,7,0,0,0
2419,2417,2418,-1,4,0,0,0
2420,7,20,-1,7,0,0,0
2421,135,159,-1,2,0,0,0
2422,175,-1,-1,7,0,0,0
2423,2420,2421,-1,2,0,0,0
2424,2422,265,-1,7,0,0,0
2425,276,254,-1,2,0,0,0
2426,487,389,-1,7,0,0,0
2427,353,249,-1,4,0,0,0
2428,542,-1,-1,7,0,0,0
2429,2423,2424,-1,4,0,0,0
2430,2425,2426,-1,4,0,0,0
2431,2427,2428,-1,4,0,0,0
2432,560,881,-1,7,0,0,0
2433,565,567,-1,7,0,0,0
2434,571,-1,-1,7,0,0,0
2435,2429,2430,-1,6,0,0,0
2436,2431,2432,-1,4,0,0,0
2437,2433,2434,-1,7,0,0,0
2438,563,956,-1,2,0,0,0
2439,979,981,-1,7,0,0,0
2440,2435,2436,-1,6,0,0,0
2441,2437,2438,-1,2,0,0,0
2442,2439,1416,-1,7,0,0,0
2443,1373,-1,-1,4,0,0,0
2444,2440,2441,-1,6,0,0,0
2445,2442,2443,-1,2,0,0,0
2446,2444,2445,-1,6,0,0,0
2447,77,91,-1,6,0,0,0
2448,99,115,-1,7,0,0,0
2449,120,-1,-1,4,0,0,0
2450,2447,2448,-1,4,0,0,0
2451,2449,199,-1,4,0,0,0
2452,230,329,-1,7,0,0,0
2453,486,527,-1,7,0,0,0
2454,575,-1,-1,7,0,0,0
2455,2450,2451,-1,6,0,0,0
2456,2452,2453,-1,7,0,0,0
2457,2454,736,-1,7,0,0,0
2458,574,986,-1,7,0,0,0
2459,2455,2456,-1,4,0,0,0
2460,2457,2458,-1,7,0,0,0
2461,941,563,-1,7,0,0,0
2462,984,873,-1,4,0,0,0
2463,579,988,-1,7,0,0,0
2464,990,-1,-1,7,0,0,0
2465,2459,2460,-1,4,0,0,0
2466,2461,2462,-1,2,0,0,0
2467,2463,2464,-1,7,0,0,0
2468,1418,-1,-1,7,0,0,0
2469,2465,2466,-1,6,0,0,0
2470,2467,2468,-1,7,0,0,0
2471,2469,2470,-1,4,0,0,0
2472,33,123,-1,6,0,0,0
2473,125,133,-1,4,0,0,0
2474,2472,2473,-1,6,0,0,0
2475,451,489,-1,4,0,0,0
2476,320,242,-1,6,0,0,0
2477,214,243,-1,6,0,0,0
2478,317,618,-1,2,0,0,0
2479,2474,2475,-1,6,0,0,0
2480,2476,2477,-1,6,0,0,0
2481,2478,499,-1,4,0,0,0
2482,617,620,-1,4,0,0,0
2483,928,1013,-1,6,0,0,0
2484,2479,2480,-1,6,0,0,0
2485,2481,2482,-1,6,0,0,0
2486,2483,1205,-1,6,0,0,0
2487,972,623,-1,6,0,0,0
2488,1505,-1,-1,4,0,0,0
2489,2484,2485,-1,6,0,0,0
2490,2486,2487,-1,6,0,0,0
2491,2488,-1,-1,4,0,0,0
2492,2489,2490,-1,6,0,0,0
2493,2491,-1,-1,4,0,0,0
2494,2492,2493,-1,6,0,0,0
2495,46,48,-1,4,0,0,0
2496,72,153,-1,7,0,0,0
2497,158,183,-1,7,0,0,0
2498,190,-1,-1,7,0,0,0
2499,2495,2496,-1,4,0,0,0
2500,2497,2498,-1,7,0,0,0
2501,366,313,-1,2,0,0,0
2502,2499,2500,-1,4,0,0,0
2503,2501,607,-1,6,0,0,0
2504,854,1016,-1,2,0,0,0
2505,2502,2503,-1,6,0,0,0
2506,2504,885,-1,6,0,0,0
2507,995,990,-1,6,0,0,0
2508,2505,2506,-1,6,0,0,0
2509,2507,953,-1,6,0,0,0
2510,1223,1525,-1,7,0,0,0
2511,2508,2509,-1,6,0,0,0
2512,2510,-1,-1,7,0,0,0
2513,2511,2512,-1,4,0,0,0
2514,4,160,-1,7,0,0,0
2515,2514,282,-1,7,0,0,0
2516,366,593,-1,4,0,0,0
2517,317,309,-1,4,0,0,0
2518,270,-1,-1,7,0,0,0
2519,2515,2516,-1,2,0,0,0
2520,2517,2518,-1,4,0,0,0
2521,770,460,-1,2,0,0,0
2522,1053,278,-1,7,0,0,0
2523,2519,2520,-1,6,0,0,0
2524,2521,2522,-1,4,0,0,0
2525,934,1055,-1,7,0,0,0
2526,1057,668,-1,7,0,0,0
2527,671,-1,-1,7,0,0,0
2528,2523,2524,-1,6,0,0,0
2529,2525,2526,-1,7,0,0,0
2530,2527,2283,-1,7,0,0,0
2531,1649,-1,-1,7,0,0,0
2532,2528,2529,-1,4,0,0,0
2533,2530,2531,-1,7,0,0,0
2534,2532,2533,-1,4,0,0,0
2535,171,186,-1,7,0,0,0
2536,2535,260,-1,7,0,0,0
2537,194,609,-1,7,0,0,0
2538,394,-1,-1,4,0,0,0
2539,2536,2537,-1,7,0,0,0
2540,2538,517,-1,6,0,0,0
2541,460,269,-1,2,0,0,0
2542,545,552,-1,7,0,0,0
2543,2539,2540,-1,2,0,0,0
2544,2541,2542,-1,4,0,0,0
2545,1062,1003,-1,4,0,0,0
2546,1055,893,-1,2,0,0,0
2547,691,592,-1,2,0,0,0
2548,923,-1,-1,7,0,0,0
2549,2543,2544,-1,6,0,0,0
2550,2545,2546,-1,6,0,0,0
2551,2547,2548,-1,4,0,0,0
2552,1801,2335,-1,6,0,0,0
2553,2549,2550,-1,6,0,0,0
2554,2551,2552,-1,6,0,0,0
2555,2553,2554,-1,6,0,0,0
2556,22,68,-1,2,0,0,0
2557,89,179,-1,7,0,0,0
2558,181,-1,-1,7,0,0,0
2559,2556,2557,-1,4,0,0,0
2560,2558,218,-1,2,0,0,0
2561,219,220,-1,4,0,0,0
2562,238,225,-1,2,0,0,0
2563,221,484,-1,6,0,0,0
2564,351,506,-1,7,0,0,0
2565,629,647,-1,6,0,0,0
2566,503,-1,-1,4,0,0,0
2567,2559,2560,-1,6,0,0,0
2568,2561,2562,-1,6,0,0,0
2569,2563,2564,-1,4,0,0,0
2570,2565,2566,-1,6,0,0,0
2571,930,638,-1,4,0,0,0
2572,535,479,-1,4,0,0,0
2573,2567,2568,-1,6,0,0,0
2574,2569,2570,-1,6,0,0,0
2575,2571,2572,-1,6,0,0,0
2576,1221,671,-1,2,0,0,0
2577,1229,-1,-1,7,0,0,0
2578,2573,2574,-1,6,0,0,0
2579,2575,2576,-1,6,0,0,0
2580,2577,2122,-1,2,0,0,0
2581,2578,2579,-1,6,0,0,0
2582,2580,-1,-1,4,0,0,0
2583,2581,2582,-1,6,0,0,0
2584,138,140,-1,4,0,0,0
2585,2584,220,-1,4,0,0,0
2586,210,263,-1,4,0,0,0
2587,206,262,-1,2,0,0,0
2588,198,266,-1,7,0,0,0
2589,267,270,-1,4,0,0,0
2590,271,-1,-1,7,0,0,0
2591,2585,2586,-1,6,0,0,0
2592,2587,2588,-1,4,0,0,0
2593,2589,2590,-1,4,0,0,0
2594,738,787,-1,2,0,0,0
2595,269,273,-1,6,0,0,0
2596,788,789,-1,4,0,0,0
2597,278,790,-1,6,0,0,0
2598,2591,2592,-1,6,0,0,0
2599,2593,2594,-1,6,0,0,0
2600,2595,2596,-1,6,0,0,0
2601,2597,1232,-1,4,0,0,0
2602,2598,2599,-1,6,0,0,0
2603,2600,2601,-1,6,0,0,0
2604,2122,-1,-1,7,0,0,0
2605,2602,2603,-1,6,0,0,0
2606,2604,-1,-1,7,0,0,0
2607,2605,2606,-1,4,0,0,0
2608,15,84,-1,4,0,0,0
2609,95,151,-1,7,0,0,0
2610,2608,2609,-1,4,0,0,0
2611,418,407,-1,7,0,0,0
2612,197,419,-1,7,0,0,0
2613,420,352,-1,7,0,0,0
2614,229,426,-1,7,0,0,0
2615,427,428,-1,2,0,0,0
2616,2610,2611,-1,4,0,0,0
2617,2612,2613,-1,7,0,0,0
2618,2614,2615,-1,2,0,0,0
2619,425,833,-1,2,0,0,0
2620,2616,2617,-1,4,0,0,0
2621,2618,2619,-1,6,0,0,0
2622,423,899,-1,6,0,0,0
2623,904,1319,-1,7,0,0,0
2624,2620,2621,-1,6,0,0,0
2625,2622,2623,-1,4,0,0,0
2626,1310,2280,-1,7,0,0,0
2627,2283,-1,-1,7,0,0,0
2628,2624,2625,-1,6,0,0,0
2629,2626,2627,-1,7,0,0,0
2630,2628,2629,-1,4,0,0,0
2631,16,30,-1,7,0,0,0
2632,73,87,-1,7,0,0,0
2633,94,-1,-1,7,0,0,0
2634,2631,2632,-1,7,0,0,0
2635,2633,203,-1,2,0,0,0
2636,396,483,-1,7,0,0,0
2637,485,374,-1,4,0,0,0
2638,2634,2635,-1,2,0,0,0
2639,2636,2637,-1,2,0,0,0
2640,736,881,-1,2,0,0,0
2641,315,924,-1,7,0,0,0
2642,462,926,-1,2,0,0,0
2643,928,488,-1,7,0,0,0
2644,766,-1,-1,7,0,0,0
2645,2638,2639,-1,6,0,0,0
2646,2640,2641,-1,4,0,0,0
2647,2642,2643,-1,4,0,0,0
2648,2644,1220,-1,7,0,0,0
2649,2645,2646,-1,6,0,0,0
2650,2647,2648,-1,4,0,0,0
2651,2335,-1,-1,7,0,0,0
2652,2649,2650,-1,6,0,0,0
2653,2651,-1,-1,7,0,0,0
2654,2652,2653,-1,4,0,0,0
